reviewId,userName,review_text,rating,thumbsUpCount,date,bank_name,source,cleaned_text,is_transfer_issue,has_feature_request,is_technical_complaint,identified_theme,sentiment_score,sentiment_label
gp_rev_boa_10000,user_ethiopia_831,Constant server communication timeout errors. Fix the customer support line.,1,21,2025-04-27,BOA,Google Play,constant server communication timeout errors fix the customer support line,False,False,True,Authentication & Server Bugs,0.0772,Positive
gp_rev_boa_10001,user_ethiopia_877,"I really love using this app, but we need budgeting tools and dark mode features ASAP.",3,8,2024-09-12,BOA,Google Play,i really love using this app but we need budgeting tools and dark mode features asap,False,True,False,Mobile App Feature Request,0.4111,Positive
gp_rev_boa_10002,user_ethiopia_197,The interface hangs on the processing screen when checking my balance. Please optimize.,1,12,2026-01-10,BOA,Google Play,the interface hangs on the processing screen when checking my balance please optimize,True,False,False,Performance & Transfer Delays,0.6705,Positive
gp_rev_boa_10003,user_ethiopia_382,Constant server communication timeout errors. Fix the customer support line.,1,13,2026-01-29,BOA,Google Play,constant server communication timeout errors fix the customer support line,False,False,True,Authentication & Server Bugs,0.0772,Positive
gp_rev_boa_10004,user_ethiopia_668,Constant server communication timeout errors. Fix the customer support line.,1,15,2025-08-22,BOA,Google Play,constant server communication timeout errors fix the customer support line,False,False,True,Authentication & Server Bugs,0.0772,Positive
gp_rev_boa_10005,user_ethiopia_156,Constant server communication timeout errors. Fix the customer support line.,1,17,2024-12-11,BOA,Google Play,constant server communication timeout errors fix the customer support line,False,False,True,Authentication & Server Bugs,0.0772,Positive
gp_rev_boa_10006,user_ethiopia_996,The system fails to send the OTP code. I cannot access my wallet or complete transactions.,1,20,2026-05-17,BOA,Google Play,the system fails to send the otp code i cannot access my wallet or complete transactions,False,False,True,Authentication & Server Bugs,-0.4215,Negative
gp_rev_boa_10007,user_ethiopia_402,Constant server communication timeout errors. Fix the customer support line.,1,17,2024-09-03,BOA,Google Play,constant server communication timeout errors fix the customer support line,False,False,True,Authentication & Server Bugs,0.0772,Positive
gp_rev_boa_10008,user_ethiopia_849,Great interface! Please add fingerprint login or biometric support for security.,3,21,2024-06-19,BOA,Google Play,great interface please add fingerprint login or biometric support for security,False,True,True,Mobile App Feature Request,0.8955,Positive
gp_rev_boa_10009,user_ethiopia_771,"I really love using this app, but we need budgeting tools and dark mode features ASAP.",3,12,2026-02-13,BOA,Google Play,i really love using this app but we need budgeting tools and dark mode features asap,False,True,False,Mobile App Feature Request,0.4111,Positive
gp_rev_boa_10010,user_ethiopia_809,Extremely slow loading times when making instant payments to other banks.,1,21,2026-04-05,BOA,Google Play,extremely slow loading times when making instant payments to other banks,True,False,False,Performance & Transfer Delays,0.0,Neutral
gp_rev_boa_10011,user_ethiopia_651,The interface hangs on the processing screen when checking my balance. Please optimize.,1,18,2025-01-02,BOA,Google Play,the interface hangs on the processing screen when checking my balance please optimize,True,False,False,Performance & Transfer Delays,0.6705,Positive
gp_rev_boa_10012,user_ethiopia_712,The app is so slow during transfers. It takes forever to load my account balance.,1,17,2024-11-15,BOA,Google Play,the app is so slow during transfers it takes forever to load my account balance,True,False,False,Performance & Transfer Delays,0.0,Neutral
gp_rev_boa_10013,user_ethiopia_151,I keep getting a login error and the application crashes repeatedly on launch.,1,9,2025-07-14,BOA,Google Play,i keep getting a login error and the application crashes repeatedly on launch,False,False,True,Authentication & Server Bugs,-0.4019,Negative
gp_rev_boa_10014,user_ethiopia_593,The interface hangs on the processing screen when checking my balance. Please optimize.,1,20,2025-07-25,BOA,Google Play,the interface hangs on the processing screen when checking my balance please optimize,True,False,False,Performance & Transfer Delays,0.6705,Positive
gp_rev_boa_10015,user_ethiopia_185,The system fails to send the OTP code. I cannot access my wallet or complete transactions.,1,9,2025-09-04,BOA,Google Play,the system fails to send the otp code i cannot access my wallet or complete transactions,False,False,True,Authentication & Server Bugs,-0.4215,Negative
gp_rev_boa_10016,user_ethiopia_491,The system fails to send the OTP code. I cannot access my wallet or complete transactions.,1,18,2025-03-29,BOA,Google Play,the system fails to send the otp code i cannot access my wallet or complete transactions,False,False,True,Authentication & Server Bugs,-0.4215,Negative
gp_rev_boa_10017,user_ethiopia_662,Constant server communication timeout errors. Fix the customer support line.,1,4,2024-08-20,BOA,Google Play,constant server communication timeout errors fix the customer support line,False,False,True,Authentication & Server Bugs,0.0772,Positive
gp_rev_boa_10018,user_ethiopia_742,"Excellent update, transfers are fast and easy to navigate.",4,23,2025-10-01,BOA,Google Play,excellent update transfers are fast and easy to navigate,True,False,False,General Account Management,0.765,Positive
gp_rev_boa_10019,user_ethiopia_392,Constant server communication timeout errors. Fix the customer support line.,1,3,2024-12-20,BOA,Google Play,constant server communication timeout errors fix the customer support line,False,False,True,Authentication & Server Bugs,0.0772,Positive
gp_rev_boa_10020,user_ethiopia_390,Very dependable mobile banking system for daily financial operations.,4,4,2024-06-17,BOA,Google Play,very dependable mobile banking system for daily financial operations,False,False,False,General Account Management,0.0,Neutral
gp_rev_boa_10021,user_ethiopia_272,I keep getting a login error and the application crashes repeatedly on launch.,1,7,2025-05-02,BOA,Google Play,i keep getting a login error and the application crashes repeatedly on launch,False,False,True,Authentication & Server Bugs,-0.4019,Negative
gp_rev_boa_10022,user_ethiopia_172,I keep getting a login error and the application crashes repeatedly on launch.,1,25,2026-05-06,BOA,Google Play,i keep getting a login error and the application crashes repeatedly on launch,False,False,True,Authentication & Server Bugs,-0.4019,Negative
gp_rev_boa_10023,user_ethiopia_883,"I really love using this app, but we need budgeting tools and dark mode features ASAP.",3,7,2024-07-17,BOA,Google Play,i really love using this app but we need budgeting tools and dark mode features asap,False,True,False,Mobile App Feature Request,0.4111,Positive
gp_rev_boa_10024,user_ethiopia_509,Very dependable mobile banking system for daily financial operations.,4,15,2024-07-25,BOA,Google Play,very dependable mobile banking system for daily financial operations,False,False,False,General Account Management,0.0,Neutral
gp_rev_boa_10025,user_ethiopia_901,Extremely slow loading times when making instant payments to other banks.,1,21,2025-10-22,BOA,Google Play,extremely slow loading times when making instant payments to other banks,True,False,False,Performance & Transfer Delays,0.0,Neutral
gp_rev_boa_10026,user_ethiopia_841,The system fails to send the OTP code. I cannot access my wallet or complete transactions.,1,17,2024-11-03,BOA,Google Play,the system fails to send the otp code i cannot access my wallet or complete transactions,False,False,True,Authentication & Server Bugs,-0.4215,Negative
gp_rev_boa_10027,user_ethiopia_927,Extremely slow loading times when making instant payments to other banks.,1,21,2026-04-27,BOA,Google Play,extremely slow loading times when making instant payments to other banks,True,False,False,Performance & Transfer Delays,0.0,Neutral
gp_rev_boa_10028,user_ethiopia_614,The app is so slow during transfers. It takes forever to load my account balance.,1,15,2025-10-04,BOA,Google Play,the app is so slow during transfers it takes forever to load my account balance,True,False,False,Performance & Transfer Delays,0.0,Neutral
gp_rev_boa_10029,user_ethiopia_696,Constant server communication timeout errors. Fix the customer support line.,1,10,2025-07-29,BOA,Google Play,constant server communication timeout errors fix the customer support line,False,False,True,Authentication & Server Bugs,0.0772,Positive
gp_rev_boa_10030,user_ethiopia_780,"Excellent update, transfers are fast and easy to navigate.",4,10,2024-12-06,BOA,Google Play,excellent update transfers are fast and easy to navigate,True,False,False,General Account Management,0.765,Positive
gp_rev_boa_10031,user_ethiopia_212,"Excellent update, transfers are fast and easy to navigate.",4,11,2024-11-18,BOA,Google Play,excellent update transfers are fast and easy to navigate,True,False,False,General Account Management,0.765,Positive
gp_rev_boa_10032,user_ethiopia_593,I keep getting a login error and the application crashes repeatedly on launch.,1,15,2025-04-29,BOA,Google Play,i keep getting a login error and the application crashes repeatedly on launch,False,False,True,Authentication & Server Bugs,-0.4019,Negative
gp_rev_boa_10033,user_ethiopia_443,Great interface! Please add fingerprint login or biometric support for security.,3,13,2026-02-09,BOA,Google Play,great interface please add fingerprint login or biometric support for security,False,True,True,Mobile App Feature Request,0.8955,Positive
gp_rev_boa_10034,user_ethiopia_394,Constant server communication timeout errors. Fix the customer support line.,1,21,2024-10-13,BOA,Google Play,constant server communication timeout errors fix the customer support line,False,False,True,Authentication & Server Bugs,0.0772,Positive
gp_rev_boa_10035,user_ethiopia_702,Smooth transactions. I highly recommend adding a fingerprint scanner feature.,4,7,2026-04-12,BOA,Google Play,smooth transactions i highly recommend adding a fingerprint scanner feature,False,True,False,Mobile App Feature Request,0.4201,Positive
gp_rev_boa_10036,user_ethiopia_982,"Excellent update, transfers are fast and easy to navigate.",4,17,2024-09-10,BOA,Google Play,excellent update transfers are fast and easy to navigate,True,False,False,General Account Management,0.765,Positive
gp_rev_boa_10037,user_ethiopia_695,Very dependable mobile banking system for daily financial operations.,4,10,2025-12-05,BOA,Google Play,very dependable mobile banking system for daily financial operations,False,False,False,General Account Management,0.0,Neutral
gp_rev_boa_10038,user_ethiopia_312,Great interface! Please add fingerprint login or biometric support for security.,3,12,2025-04-16,BOA,Google Play,great interface please add fingerprint login or biometric support for security,False,True,True,Mobile App Feature Request,0.8955,Positive
gp_rev_boa_10039,user_ethiopia_267,I keep getting a login error and the application crashes repeatedly on launch.,1,10,2024-11-08,BOA,Google Play,i keep getting a login error and the application crashes repeatedly on launch,False,False,True,Authentication & Server Bugs,-0.4019,Negative
gp_rev_boa_10040,user_ethiopia_814,The interface hangs on the processing screen when checking my balance. Please optimize.,1,17,2025-10-29,BOA,Google Play,the interface hangs on the processing screen when checking my balance please optimize,True,False,False,Performance & Transfer Delays,0.6705,Positive
gp_rev_boa_10041,user_ethiopia_227,The system fails to send the OTP code. I cannot access my wallet or complete transactions.,1,15,2024-12-30,BOA,Google Play,the system fails to send the otp code i cannot access my wallet or complete transactions,False,False,True,Authentication & Server Bugs,-0.4215,Negative
gp_rev_boa_10042,user_ethiopia_313,Great interface! Please add fingerprint login or biometric support for security.,3,5,2025-03-23,BOA,Google Play,great interface please add fingerprint login or biometric support for security,False,True,True,Mobile App Feature Request,0.8955,Positive
gp_rev_boa_10043,user_ethiopia_591,The interface hangs on the processing screen when checking my balance. Please optimize.,1,9,2025-08-01,BOA,Google Play,the interface hangs on the processing screen when checking my balance please optimize,True,False,False,Performance & Transfer Delays,0.6705,Positive
gp_rev_boa_10044,user_ethiopia_529,"Excellent update, transfers are fast and easy to navigate.",4,9,2026-01-02,BOA,Google Play,excellent update transfers are fast and easy to navigate,True,False,False,General Account Management,0.765,Positive
gp_rev_boa_10045,user_ethiopia_750,Constant server communication timeout errors. Fix the customer support line.,1,17,2025-07-27,BOA,Google Play,constant server communication timeout errors fix the customer support line,False,False,True,Authentication & Server Bugs,0.0772,Positive
gp_rev_boa_10046,user_ethiopia_854,"Excellent update, transfers are fast and easy to navigate.",4,20,2026-02-22,BOA,Google Play,excellent update transfers are fast and easy to navigate,True,False,False,General Account Management,0.765,Positive
gp_rev_boa_10047,user_ethiopia_262,Great interface! Please add fingerprint login or biometric support for security.,3,7,2024-08-21,BOA,Google Play,great interface please add fingerprint login or biometric support for security,False,True,True,Mobile App Feature Request,0.8955,Positive
gp_rev_boa_10048,user_ethiopia_783,"I really love using this app, but we need budgeting tools and dark mode features ASAP.",3,11,2026-01-17,BOA,Google Play,i really love using this app but we need budgeting tools and dark mode features asap,False,True,False,Mobile App Feature Request,0.4111,Positive
gp_rev_boa_10049,user_ethiopia_876,Great interface! Please add fingerprint login or biometric support for security.,3,17,2024-11-10,BOA,Google Play,great interface please add fingerprint login or biometric support for security,False,True,True,Mobile App Feature Request,0.8955,Positive
gp_rev_boa_10050,user_ethiopia_310,Constant server communication timeout errors. Fix the customer support line.,1,15,2025-03-03,BOA,Google Play,constant server communication timeout errors fix the customer support line,False,False,True,Authentication & Server Bugs,0.0772,Positive
gp_rev_boa_10051,user_ethiopia_798,Great interface! Please add fingerprint login or biometric support for security.,3,11,2026-02-03,BOA,Google Play,great interface please add fingerprint login or biometric support for security,False,True,True,Mobile App Feature Request,0.8955,Positive
gp_rev_boa_10052,user_ethiopia_466,The app is so slow during transfers. It takes forever to load my account balance.,1,10,2024-08-06,BOA,Google Play,the app is so slow during transfers it takes forever to load my account balance,True,False,False,Performance & Transfer Delays,0.0,Neutral
gp_rev_boa_10053,user_ethiopia_514,The system fails to send the OTP code. I cannot access my wallet or complete transactions.,1,19,2024-06-26,BOA,Google Play,the system fails to send the otp code i cannot access my wallet or complete transactions,False,False,True,Authentication & Server Bugs,-0.4215,Negative
gp_rev_boa_10054,user_ethiopia_648,Very dependable mobile banking system for daily financial operations.,4,3,2024-06-27,BOA,Google Play,very dependable mobile banking system for daily financial operations,False,False,False,General Account Management,0.0,Neutral
gp_rev_boa_10055,user_ethiopia_262,Smooth transactions. I highly recommend adding a fingerprint scanner feature.,4,25,2025-04-28,BOA,Google Play,smooth transactions i highly recommend adding a fingerprint scanner feature,False,True,False,Mobile App Feature Request,0.4201,Positive
gp_rev_boa_10056,user_ethiopia_688,The app is so slow during transfers. It takes forever to load my account balance.,1,21,2026-03-22,BOA,Google Play,the app is so slow during transfers it takes forever to load my account balance,True,False,False,Performance & Transfer Delays,0.0,Neutral
gp_rev_boa_10057,user_ethiopia_522,Great interface! Please add fingerprint login or biometric support for security.,3,21,2025-10-06,BOA,Google Play,great interface please add fingerprint login or biometric support for security,False,True,True,Mobile App Feature Request,0.8955,Positive
gp_rev_boa_10058,user_ethiopia_493,Smooth transactions. I highly recommend adding a fingerprint scanner feature.,4,15,2024-08-20,BOA,Google Play,smooth transactions i highly recommend adding a fingerprint scanner feature,False,True,False,Mobile App Feature Request,0.4201,Positive
gp_rev_boa_10059,user_ethiopia_422,Extremely slow loading times when making instant payments to other banks.,1,11,2025-12-26,BOA,Google Play,extremely slow loading times when making instant payments to other banks,True,False,False,Performance & Transfer Delays,0.0,Neutral
gp_rev_boa_10060,user_ethiopia_497,Extremely slow loading times when making instant payments to other banks.,1,16,2025-12-05,BOA,Google Play,extremely slow loading times when making instant payments to other banks,True,False,False,Performance & Transfer Delays,0.0,Neutral
gp_rev_boa_10061,user_ethiopia_539,I keep getting a login error and the application crashes repeatedly on launch.,1,13,2025-11-14,BOA,Google Play,i keep getting a login error and the application crashes repeatedly on launch,False,False,True,Authentication & Server Bugs,-0.4019,Negative
gp_rev_boa_10062,user_ethiopia_660,Very dependable mobile banking system for daily financial operations.,4,7,2025-12-05,BOA,Google Play,very dependable mobile banking system for daily financial operations,False,False,False,General Account Management,0.0,Neutral
gp_rev_boa_10063,user_ethiopia_598,Constant server communication timeout errors. Fix the customer support line.,1,11,2026-01-10,BOA,Google Play,constant server communication timeout errors fix the customer support line,False,False,True,Authentication & Server Bugs,0.0772,Positive
gp_rev_boa_10064,user_ethiopia_601,I keep getting a login error and the application crashes repeatedly on launch.,1,15,2025-09-05,BOA,Google Play,i keep getting a login error and the application crashes repeatedly on launch,False,False,True,Authentication & Server Bugs,-0.4019,Negative
gp_rev_boa_10065,user_ethiopia_788,I keep getting a login error and the application crashes repeatedly on launch.,1,21,2026-05-09,BOA,Google Play,i keep getting a login error and the application crashes repeatedly on launch,False,False,True,Authentication & Server Bugs,-0.4019,Negative
gp_rev_boa_10066,user_ethiopia_527,"Excellent update, transfers are fast and easy to navigate.",4,9,2025-10-14,BOA,Google Play,excellent update transfers are fast and easy to navigate,True,False,False,General Account Management,0.765,Positive
gp_rev_boa_10067,user_ethiopia_966,The system fails to send the OTP code. I cannot access my wallet or complete transactions.,1,10,2025-02-04,BOA,Google Play,the system fails to send the otp code i cannot access my wallet or complete transactions,False,False,True,Authentication & Server Bugs,-0.4215,Negative
gp_rev_boa_10068,user_ethiopia_221,Extremely slow loading times when making instant payments to other banks.,1,9,2025-03-14,BOA,Google Play,extremely slow loading times when making instant payments to other banks,True,False,False,Performance & Transfer Delays,0.0,Neutral
gp_rev_boa_10069,user_ethiopia_787,The app is so slow during transfers. It takes forever to load my account balance.,1,24,2025-06-22,BOA,Google Play,the app is so slow during transfers it takes forever to load my account balance,True,False,False,Performance & Transfer Delays,0.0,Neutral
gp_rev_boa_10070,user_ethiopia_403,Constant server communication timeout errors. Fix the customer support line.,1,6,2024-11-22,BOA,Google Play,constant server communication timeout errors fix the customer support line,False,False,True,Authentication & Server Bugs,0.0772,Positive
gp_rev_boa_10071,user_ethiopia_176,Very dependable mobile banking system for daily financial operations.,4,14,2025-08-10,BOA,Google Play,very dependable mobile banking system for daily financial operations,False,False,False,General Account Management,0.0,Neutral
gp_rev_boa_10072,user_ethiopia_462,Very dependable mobile banking system for daily financial operations.,4,23,2024-07-24,BOA,Google Play,very dependable mobile banking system for daily financial operations,False,False,False,General Account Management,0.0,Neutral
gp_rev_boa_10073,user_ethiopia_482,The system fails to send the OTP code. I cannot access my wallet or complete transactions.,1,1,2024-07-23,BOA,Google Play,the system fails to send the otp code i cannot access my wallet or complete transactions,False,False,True,Authentication & Server Bugs,-0.4215,Negative
gp_rev_boa_10074,user_ethiopia_742,The app is so slow during transfers. It takes forever to load my account balance.,1,7,2024-09-18,BOA,Google Play,the app is so slow during transfers it takes forever to load my account balance,True,False,False,Performance & Transfer Delays,0.0,Neutral
gp_rev_boa_10075,user_ethiopia_893,Very dependable mobile banking system for daily financial operations.,4,10,2024-08-06,BOA,Google Play,very dependable mobile banking system for daily financial operations,False,False,False,General Account Management,0.0,Neutral
gp_rev_boa_10076,user_ethiopia_383,I keep getting a login error and the application crashes repeatedly on launch.,1,3,2024-06-19,BOA,Google Play,i keep getting a login error and the application crashes repeatedly on launch,False,False,True,Authentication & Server Bugs,-0.4019,Negative
gp_rev_boa_10077,user_ethiopia_221,Smooth transactions. I highly recommend adding a fingerprint scanner feature.,4,19,2025-11-25,BOA,Google Play,smooth transactions i highly recommend adding a fingerprint scanner feature,False,True,False,Mobile App Feature Request,0.4201,Positive
gp_rev_boa_10078,user_ethiopia_381,The app is so slow during transfers. It takes forever to load my account balance.,1,2,2026-04-17,BOA,Google Play,the app is so slow during transfers it takes forever to load my account balance,True,False,False,Performance & Transfer Delays,0.0,Neutral
gp_rev_boa_10079,user_ethiopia_147,The system fails to send the OTP code. I cannot access my wallet or complete transactions.,1,14,2025-04-10,BOA,Google Play,the system fails to send the otp code i cannot access my wallet or complete transactions,False,False,True,Authentication & Server Bugs,-0.4215,Negative
gp_rev_boa_10080,user_ethiopia_174,I keep getting a login error and the application crashes repeatedly on launch.,1,12,2025-04-22,BOA,Google Play,i keep getting a login error and the application crashes repeatedly on launch,False,False,True,Authentication & Server Bugs,-0.4019,Negative
gp_rev_boa_10081,user_ethiopia_193,Smooth transactions. I highly recommend adding a fingerprint scanner feature.,4,17,2025-09-27,BOA,Google Play,smooth transactions i highly recommend adding a fingerprint scanner feature,False,True,False,Mobile App Feature Request,0.4201,Positive
gp_rev_boa_10082,user_ethiopia_961,The system fails to send the OTP code. I cannot access my wallet or complete transactions.,1,21,2024-08-21,BOA,Google Play,the system fails to send the otp code i cannot access my wallet or complete transactions,False,False,True,Authentication & Server Bugs,-0.4215,Negative
gp_rev_boa_10083,user_ethiopia_607,The interface hangs on the processing screen when checking my balance. Please optimize.,1,25,2024-08-29,BOA,Google Play,the interface hangs on the processing screen when checking my balance please optimize,True,False,False,Performance & Transfer Delays,0.6705,Positive
gp_rev_boa_10084,user_ethiopia_522,The app is so slow during transfers. It takes forever to load my account balance.,1,2,2025-04-06,BOA,Google Play,the app is so slow during transfers it takes forever to load my account balance,True,False,False,Performance & Transfer Delays,0.0,Neutral
gp_rev_boa_10085,user_ethiopia_213,The interface hangs on the processing screen when checking my balance. Please optimize.,1,2,2024-08-09,BOA,Google Play,the interface hangs on the processing screen when checking my balance please optimize,True,False,False,Performance & Transfer Delays,0.6705,Positive
gp_rev_boa_10086,user_ethiopia_442,Great interface! Please add fingerprint login or biometric support for security.,3,15,2026-02-23,BOA,Google Play,great interface please add fingerprint login or biometric support for security,False,True,True,Mobile App Feature Request,0.8955,Positive
gp_rev_boa_10087,user_ethiopia_943,Great interface! Please add fingerprint login or biometric support for security.,3,7,2025-07-04,BOA,Google Play,great interface please add fingerprint login or biometric support for security,False,True,True,Mobile App Feature Request,0.8955,Positive
gp_rev_boa_10088,user_ethiopia_828,Constant server communication timeout errors. Fix the customer support line.,1,1,2024-10-26,BOA,Google Play,constant server communication timeout errors fix the customer support line,False,False,True,Authentication & Server Bugs,0.0772,Positive
gp_rev_boa_10089,user_ethiopia_353,I keep getting a login error and the application crashes repeatedly on launch.,1,18,2024-07-10,BOA,Google Play,i keep getting a login error and the application crashes repeatedly on launch,False,False,True,Authentication & Server Bugs,-0.4019,Negative
gp_rev_boa_10090,user_ethiopia_664,I keep getting a login error and the application crashes repeatedly on launch.,1,5,2025-07-19,BOA,Google Play,i keep getting a login error and the application crashes repeatedly on launch,False,False,True,Authentication & Server Bugs,-0.4019,Negative
gp_rev_boa_10091,user_ethiopia_386,Very dependable mobile banking system for daily financial operations.,4,14,2025-05-18,BOA,Google Play,very dependable mobile banking system for daily financial operations,False,False,False,General Account Management,0.0,Neutral
gp_rev_boa_10092,user_ethiopia_849,Great interface! Please add fingerprint login or biometric support for security.,3,11,2026-03-26,BOA,Google Play,great interface please add fingerprint login or biometric support for security,False,True,True,Mobile App Feature Request,0.8955,Positive
gp_rev_boa_10093,user_ethiopia_133,Constant server communication timeout errors. Fix the customer support line.,1,22,2025-09-22,BOA,Google Play,constant server communication timeout errors fix the customer support line,False,False,True,Authentication & Server Bugs,0.0772,Positive
gp_rev_boa_10094,user_ethiopia_678,Smooth transactions. I highly recommend adding a fingerprint scanner feature.,4,14,2026-01-24,BOA,Google Play,smooth transactions i highly recommend adding a fingerprint scanner feature,False,True,False,Mobile App Feature Request,0.4201,Positive
gp_rev_boa_10095,user_ethiopia_181,Smooth transactions. I highly recommend adding a fingerprint scanner feature.,4,5,2025-07-12,BOA,Google Play,smooth transactions i highly recommend adding a fingerprint scanner feature,False,True,False,Mobile App Feature Request,0.4201,Positive
gp_rev_boa_10096,user_ethiopia_717,The app is so slow during transfers. It takes forever to load my account balance.,1,24,2026-02-21,BOA,Google Play,the app is so slow during transfers it takes forever to load my account balance,True,False,False,Performance & Transfer Delays,0.0,Neutral
gp_rev_boa_10097,user_ethiopia_129,Extremely slow loading times when making instant payments to other banks.,1,15,2025-04-14,BOA,Google Play,extremely slow loading times when making instant payments to other banks,True,False,False,Performance & Transfer Delays,0.0,Neutral
gp_rev_boa_10098,user_ethiopia_118,The app is so slow during transfers. It takes forever to load my account balance.,1,10,2025-07-20,BOA,Google Play,the app is so slow during transfers it takes forever to load my account balance,True,False,False,Performance & Transfer Delays,0.0,Neutral
gp_rev_boa_10099,user_ethiopia_122,Smooth transactions. I highly recommend adding a fingerprint scanner feature.,4,22,2025-01-26,BOA,Google Play,smooth transactions i highly recommend adding a fingerprint scanner feature,False,True,False,Mobile App Feature Request,0.4201,Positive
gp_rev_boa_10100,user_ethiopia_332,Great interface! Please add fingerprint login or biometric support for security.,3,16,2025-01-17,BOA,Google Play,great interface please add fingerprint login or biometric support for security,False,True,True,Mobile App Feature Request,0.8955,Positive
gp_rev_boa_10101,user_ethiopia_761,The system fails to send the OTP code. I cannot access my wallet or complete transactions.,1,5,2025-02-26,BOA,Google Play,the system fails to send the otp code i cannot access my wallet or complete transactions,False,False,True,Authentication & Server Bugs,-0.4215,Negative
gp_rev_boa_10102,user_ethiopia_728,The system fails to send the OTP code. I cannot access my wallet or complete transactions.,1,9,2025-02-11,BOA,Google Play,the system fails to send the otp code i cannot access my wallet or complete transactions,False,False,True,Authentication & Server Bugs,-0.4215,Negative
gp_rev_boa_10103,user_ethiopia_814,Great interface! Please add fingerprint login or biometric support for security.,3,18,2025-04-03,BOA,Google Play,great interface please add fingerprint login or biometric support for security,False,True,True,Mobile App Feature Request,0.8955,Positive
gp_rev_boa_10104,user_ethiopia_696,Very dependable mobile banking system for daily financial operations.,4,2,2024-12-23,BOA,Google Play,very dependable mobile banking system for daily financial operations,False,False,False,General Account Management,0.0,Neutral
gp_rev_boa_10105,user_ethiopia_732,The app is so slow during transfers. It takes forever to load my account balance.,1,15,2025-12-21,BOA,Google Play,the app is so slow during transfers it takes forever to load my account balance,True,False,False,Performance & Transfer Delays,0.0,Neutral
gp_rev_boa_10106,user_ethiopia_293,Extremely slow loading times when making instant payments to other banks.,1,23,2025-10-16,BOA,Google Play,extremely slow loading times when making instant payments to other banks,True,False,False,Performance & Transfer Delays,0.0,Neutral
gp_rev_boa_10107,user_ethiopia_693,Very dependable mobile banking system for daily financial operations.,4,13,2024-10-11,BOA,Google Play,very dependable mobile banking system for daily financial operations,False,False,False,General Account Management,0.0,Neutral
gp_rev_boa_10108,user_ethiopia_406,Constant server communication timeout errors. Fix the customer support line.,1,9,2024-12-07,BOA,Google Play,constant server communication timeout errors fix the customer support line,False,False,True,Authentication & Server Bugs,0.0772,Positive
gp_rev_boa_10109,user_ethiopia_803,Smooth transactions. I highly recommend adding a fingerprint scanner feature.,4,6,2024-10-01,BOA,Google Play,smooth transactions i highly recommend adding a fingerprint scanner feature,False,True,False,Mobile App Feature Request,0.4201,Positive
gp_rev_boa_10110,user_ethiopia_110,The system fails to send the OTP code. I cannot access my wallet or complete transactions.,1,13,2024-09-11,BOA,Google Play,the system fails to send the otp code i cannot access my wallet or complete transactions,False,False,True,Authentication & Server Bugs,-0.4215,Negative
gp_rev_boa_10111,user_ethiopia_969,"Excellent update, transfers are fast and easy to navigate.",4,4,2025-06-01,BOA,Google Play,excellent update transfers are fast and easy to navigate,True,False,False,General Account Management,0.765,Positive
gp_rev_boa_10112,user_ethiopia_790,Extremely slow loading times when making instant payments to other banks.,1,15,2025-12-31,BOA,Google Play,extremely slow loading times when making instant payments to other banks,True,False,False,Performance & Transfer Delays,0.0,Neutral
gp_rev_boa_10113,user_ethiopia_501,I keep getting a login error and the application crashes repeatedly on launch.,1,9,2026-01-21,BOA,Google Play,i keep getting a login error and the application crashes repeatedly on launch,False,False,True,Authentication & Server Bugs,-0.4019,Negative
gp_rev_boa_10114,user_ethiopia_618,The system fails to send the OTP code. I cannot access my wallet or complete transactions.,1,23,2024-09-14,BOA,Google Play,the system fails to send the otp code i cannot access my wallet or complete transactions,False,False,True,Authentication & Server Bugs,-0.4215,Negative
gp_rev_boa_10115,user_ethiopia_609,"Excellent update, transfers are fast and easy to navigate.",4,0,2024-11-23,BOA,Google Play,excellent update transfers are fast and easy to navigate,True,False,False,General Account Management,0.765,Positive
gp_rev_boa_10116,user_ethiopia_805,The system fails to send the OTP code. I cannot access my wallet or complete transactions.,1,21,2025-05-22,BOA,Google Play,the system fails to send the otp code i cannot access my wallet or complete transactions,False,False,True,Authentication & Server Bugs,-0.4215,Negative
gp_rev_boa_10117,user_ethiopia_989,The app is so slow during transfers. It takes forever to load my account balance.,1,14,2025-04-04,BOA,Google Play,the app is so slow during transfers it takes forever to load my account balance,True,False,False,Performance & Transfer Delays,0.0,Neutral
gp_rev_boa_10118,user_ethiopia_417,I keep getting a login error and the application crashes repeatedly on launch.,1,14,2025-06-24,BOA,Google Play,i keep getting a login error and the application crashes repeatedly on launch,False,False,True,Authentication & Server Bugs,-0.4019,Negative
gp_rev_boa_10119,user_ethiopia_730,Constant server communication timeout errors. Fix the customer support line.,1,24,2025-08-31,BOA,Google Play,constant server communication timeout errors fix the customer support line,False,False,True,Authentication & Server Bugs,0.0772,Positive
gp_rev_boa_10120,user_ethiopia_556,The system fails to send the OTP code. I cannot access my wallet or complete transactions.,1,0,2025-08-30,BOA,Google Play,the system fails to send the otp code i cannot access my wallet or complete transactions,False,False,True,Authentication & Server Bugs,-0.4215,Negative
gp_rev_boa_10121,user_ethiopia_750,Great interface! Please add fingerprint login or biometric support for security.,3,0,2025-06-02,BOA,Google Play,great interface please add fingerprint login or biometric support for security,False,True,True,Mobile App Feature Request,0.8955,Positive
gp_rev_boa_10122,user_ethiopia_736,Constant server communication timeout errors. Fix the customer support line.,1,8,2025-06-05,BOA,Google Play,constant server communication timeout errors fix the customer support line,False,False,True,Authentication & Server Bugs,0.0772,Positive
gp_rev_boa_10123,user_ethiopia_861,Constant server communication timeout errors. Fix the customer support line.,1,22,2025-12-04,BOA,Google Play,constant server communication timeout errors fix the customer support line,False,False,True,Authentication & Server Bugs,0.0772,Positive
gp_rev_boa_10124,user_ethiopia_451,Great interface! Please add fingerprint login or biometric support for security.,3,9,2026-01-02,BOA,Google Play,great interface please add fingerprint login or biometric support for security,False,True,True,Mobile App Feature Request,0.8955,Positive
gp_rev_boa_10125,user_ethiopia_670,The system fails to send the OTP code. I cannot access my wallet or complete transactions.,1,18,2026-01-04,BOA,Google Play,the system fails to send the otp code i cannot access my wallet or complete transactions,False,False,True,Authentication & Server Bugs,-0.4215,Negative
gp_rev_boa_10126,user_ethiopia_811,The system fails to send the OTP code. I cannot access my wallet or complete transactions.,1,9,2025-01-30,BOA,Google Play,the system fails to send the otp code i cannot access my wallet or complete transactions,False,False,True,Authentication & Server Bugs,-0.4215,Negative
gp_rev_boa_10127,user_ethiopia_543,I keep getting a login error and the application crashes repeatedly on launch.,1,4,2026-05-10,BOA,Google Play,i keep getting a login error and the application crashes repeatedly on launch,False,False,True,Authentication & Server Bugs,-0.4019,Negative
gp_rev_boa_10128,user_ethiopia_606,"Excellent update, transfers are fast and easy to navigate.",4,14,2024-11-10,BOA,Google Play,excellent update transfers are fast and easy to navigate,True,False,False,General Account Management,0.765,Positive
gp_rev_boa_10129,user_ethiopia_152,I keep getting a login error and the application crashes repeatedly on launch.,1,18,2025-06-26,BOA,Google Play,i keep getting a login error and the application crashes repeatedly on launch,False,False,True,Authentication & Server Bugs,-0.4019,Negative
gp_rev_boa_10130,user_ethiopia_530,"I really love using this app, but we need budgeting tools and dark mode features ASAP.",3,12,2024-06-21,BOA,Google Play,i really love using this app but we need budgeting tools and dark mode features asap,False,True,False,Mobile App Feature Request,0.4111,Positive
gp_rev_boa_10131,user_ethiopia_936,"I really love using this app, but we need budgeting tools and dark mode features ASAP.",3,3,2025-06-18,BOA,Google Play,i really love using this app but we need budgeting tools and dark mode features asap,False,True,False,Mobile App Feature Request,0.4111,Positive
gp_rev_boa_10132,user_ethiopia_445,Smooth transactions. I highly recommend adding a fingerprint scanner feature.,4,11,2024-10-15,BOA,Google Play,smooth transactions i highly recommend adding a fingerprint scanner feature,False,True,False,Mobile App Feature Request,0.4201,Positive
gp_rev_boa_10133,user_ethiopia_600,The interface hangs on the processing screen when checking my balance. Please optimize.,1,12,2024-07-27,BOA,Google Play,the interface hangs on the processing screen when checking my balance please optimize,True,False,False,Performance & Transfer Delays,0.6705,Positive
gp_rev_boa_10134,user_ethiopia_506,Smooth transactions. I highly recommend adding a fingerprint scanner feature.,4,2,2025-11-27,BOA,Google Play,smooth transactions i highly recommend adding a fingerprint scanner feature,False,True,False,Mobile App Feature Request,0.4201,Positive
gp_rev_boa_10135,user_ethiopia_522,Very dependable mobile banking system for daily financial operations.,4,11,2024-09-09,BOA,Google Play,very dependable mobile banking system for daily financial operations,False,False,False,General Account Management,0.0,Neutral
gp_rev_boa_10136,user_ethiopia_256,Very dependable mobile banking system for daily financial operations.,4,21,2026-01-09,BOA,Google Play,very dependable mobile banking system for daily financial operations,False,False,False,General Account Management,0.0,Neutral
gp_rev_boa_10137,user_ethiopia_895,Great interface! Please add fingerprint login or biometric support for security.,3,25,2025-01-06,BOA,Google Play,great interface please add fingerprint login or biometric support for security,False,True,True,Mobile App Feature Request,0.8955,Positive
gp_rev_boa_10138,user_ethiopia_261,The system fails to send the OTP code. I cannot access my wallet or complete transactions.,1,23,2025-03-29,BOA,Google Play,the system fails to send the otp code i cannot access my wallet or complete transactions,False,False,True,Authentication & Server Bugs,-0.4215,Negative
gp_rev_boa_10139,user_ethiopia_458,Extremely slow loading times when making instant payments to other banks.,1,21,2024-08-09,BOA,Google Play,extremely slow loading times when making instant payments to other banks,True,False,False,Performance & Transfer Delays,0.0,Neutral
gp_rev_boa_10140,user_ethiopia_796,Constant server communication timeout errors. Fix the customer support line.,1,0,2024-09-25,BOA,Google Play,constant server communication timeout errors fix the customer support line,False,False,True,Authentication & Server Bugs,0.0772,Positive
gp_rev_boa_10141,user_ethiopia_319,Great interface! Please add fingerprint login or biometric support for security.,3,18,2025-07-03,BOA,Google Play,great interface please add fingerprint login or biometric support for security,False,True,True,Mobile App Feature Request,0.8955,Positive
gp_rev_boa_10142,user_ethiopia_477,Very dependable mobile banking system for daily financial operations.,4,16,2025-10-08,BOA,Google Play,very dependable mobile banking system for daily financial operations,False,False,False,General Account Management,0.0,Neutral
gp_rev_boa_10143,user_ethiopia_894,Smooth transactions. I highly recommend adding a fingerprint scanner feature.,4,20,2026-02-28,BOA,Google Play,smooth transactions i highly recommend adding a fingerprint scanner feature,False,True,False,Mobile App Feature Request,0.4201,Positive
gp_rev_boa_10144,user_ethiopia_219,Great interface! Please add fingerprint login or biometric support for security.,3,16,2024-09-05,BOA,Google Play,great interface please add fingerprint login or biometric support for security,False,True,True,Mobile App Feature Request,0.8955,Positive
gp_rev_boa_10145,user_ethiopia_184,Extremely slow loading times when making instant payments to other banks.,1,21,2025-04-23,BOA,Google Play,extremely slow loading times when making instant payments to other banks,True,False,False,Performance & Transfer Delays,0.0,Neutral
gp_rev_boa_10146,user_ethiopia_765,Smooth transactions. I highly recommend adding a fingerprint scanner feature.,4,6,2025-10-24,BOA,Google Play,smooth transactions i highly recommend adding a fingerprint scanner feature,False,True,False,Mobile App Feature Request,0.4201,Positive
gp_rev_boa_10147,user_ethiopia_916,Extremely slow loading times when making instant payments to other banks.,1,2,2024-12-13,BOA,Google Play,extremely slow loading times when making instant payments to other banks,True,False,False,Performance & Transfer Delays,0.0,Neutral
gp_rev_boa_10148,user_ethiopia_325,I keep getting a login error and the application crashes repeatedly on launch.,1,21,2025-10-14,BOA,Google Play,i keep getting a login error and the application crashes repeatedly on launch,False,False,True,Authentication & Server Bugs,-0.4019,Negative
gp_rev_boa_10149,user_ethiopia_887,Great interface! Please add fingerprint login or biometric support for security.,3,8,2025-10-19,BOA,Google Play,great interface please add fingerprint login or biometric support for security,False,True,True,Mobile App Feature Request,0.8955,Positive
gp_rev_boa_10150,user_ethiopia_266,I keep getting a login error and the application crashes repeatedly on launch.,1,21,2025-04-20,BOA,Google Play,i keep getting a login error and the application crashes repeatedly on launch,False,False,True,Authentication & Server Bugs,-0.4019,Negative
gp_rev_boa_10151,user_ethiopia_559,The system fails to send the OTP code. I cannot access my wallet or complete transactions.,1,25,2024-07-07,BOA,Google Play,the system fails to send the otp code i cannot access my wallet or complete transactions,False,False,True,Authentication & Server Bugs,-0.4215,Negative
gp_rev_boa_10152,user_ethiopia_473,"I really love using this app, but we need budgeting tools and dark mode features ASAP.",3,2,2026-03-24,BOA,Google Play,i really love using this app but we need budgeting tools and dark mode features asap,False,True,False,Mobile App Feature Request,0.4111,Positive
gp_rev_boa_10153,user_ethiopia_158,Very dependable mobile banking system for daily financial operations.,4,13,2025-07-25,BOA,Google Play,very dependable mobile banking system for daily financial operations,False,False,False,General Account Management,0.0,Neutral
gp_rev_boa_10154,user_ethiopia_472,Smooth transactions. I highly recommend adding a fingerprint scanner feature.,4,13,2026-04-06,BOA,Google Play,smooth transactions i highly recommend adding a fingerprint scanner feature,False,True,False,Mobile App Feature Request,0.4201,Positive
gp_rev_boa_10155,user_ethiopia_781,I keep getting a login error and the application crashes repeatedly on launch.,1,19,2025-03-22,BOA,Google Play,i keep getting a login error and the application crashes repeatedly on launch,False,False,True,Authentication & Server Bugs,-0.4019,Negative
gp_rev_boa_10156,user_ethiopia_343,Extremely slow loading times when making instant payments to other banks.,1,2,2025-05-30,BOA,Google Play,extremely slow loading times when making instant payments to other banks,True,False,False,Performance & Transfer Delays,0.0,Neutral
gp_rev_boa_10157,user_ethiopia_991,Extremely slow loading times when making instant payments to other banks.,1,2,2025-05-13,BOA,Google Play,extremely slow loading times when making instant payments to other banks,True,False,False,Performance & Transfer Delays,0.0,Neutral
gp_rev_boa_10158,user_ethiopia_497,Smooth transactions. I highly recommend adding a fingerprint scanner feature.,4,10,2025-11-09,BOA,Google Play,smooth transactions i highly recommend adding a fingerprint scanner feature,False,True,False,Mobile App Feature Request,0.4201,Positive
gp_rev_boa_10159,user_ethiopia_436,I keep getting a login error and the application crashes repeatedly on launch.,1,4,2026-01-25,BOA,Google Play,i keep getting a login error and the application crashes repeatedly on launch,False,False,True,Authentication & Server Bugs,-0.4019,Negative
gp_rev_boa_10160,user_ethiopia_326,"Excellent update, transfers are fast and easy to navigate.",4,8,2024-07-30,BOA,Google Play,excellent update transfers are fast and easy to navigate,True,False,False,General Account Management,0.765,Positive
gp_rev_boa_10161,user_ethiopia_883,The system fails to send the OTP code. I cannot access my wallet or complete transactions.,1,19,2025-03-27,BOA,Google Play,the system fails to send the otp code i cannot access my wallet or complete transactions,False,False,True,Authentication & Server Bugs,-0.4215,Negative
gp_rev_boa_10162,user_ethiopia_345,Very dependable mobile banking system for daily financial operations.,4,4,2025-03-01,BOA,Google Play,very dependable mobile banking system for daily financial operations,False,False,False,General Account Management,0.0,Neutral
gp_rev_boa_10163,user_ethiopia_844,The app is so slow during transfers. It takes forever to load my account balance.,1,8,2026-04-29,BOA,Google Play,the app is so slow during transfers it takes forever to load my account balance,True,False,False,Performance & Transfer Delays,0.0,Neutral
gp_rev_boa_10164,user_ethiopia_863,The system fails to send the OTP code. I cannot access my wallet or complete transactions.,1,12,2024-11-23,BOA,Google Play,the system fails to send the otp code i cannot access my wallet or complete transactions,False,False,True,Authentication & Server Bugs,-0.4215,Negative
gp_rev_boa_10165,user_ethiopia_174,Constant server communication timeout errors. Fix the customer support line.,1,9,2025-08-15,BOA,Google Play,constant server communication timeout errors fix the customer support line,False,False,True,Authentication & Server Bugs,0.0772,Positive
gp_rev_boa_10166,user_ethiopia_654,Constant server communication timeout errors. Fix the customer support line.,1,11,2026-05-12,BOA,Google Play,constant server communication timeout errors fix the customer support line,False,False,True,Authentication & Server Bugs,0.0772,Positive
gp_rev_boa_10167,user_ethiopia_585,The app is so slow during transfers. It takes forever to load my account balance.,1,16,2025-08-14,BOA,Google Play,the app is so slow during transfers it takes forever to load my account balance,True,False,False,Performance & Transfer Delays,0.0,Neutral
gp_rev_boa_10168,user_ethiopia_880,Smooth transactions. I highly recommend adding a fingerprint scanner feature.,4,4,2026-02-01,BOA,Google Play,smooth transactions i highly recommend adding a fingerprint scanner feature,False,True,False,Mobile App Feature Request,0.4201,Positive
gp_rev_boa_10169,user_ethiopia_898,The app is so slow during transfers. It takes forever to load my account balance.,1,24,2026-03-30,BOA,Google Play,the app is so slow during transfers it takes forever to load my account balance,True,False,False,Performance & Transfer Delays,0.0,Neutral
gp_rev_boa_10170,user_ethiopia_757,I keep getting a login error and the application crashes repeatedly on launch.,1,20,2024-07-16,BOA,Google Play,i keep getting a login error and the application crashes repeatedly on launch,False,False,True,Authentication & Server Bugs,-0.4019,Negative
gp_rev_boa_10171,user_ethiopia_443,"I really love using this app, but we need budgeting tools and dark mode features ASAP.",3,13,2024-09-05,BOA,Google Play,i really love using this app but we need budgeting tools and dark mode features asap,False,True,False,Mobile App Feature Request,0.4111,Positive
gp_rev_boa_10172,user_ethiopia_495,The system fails to send the OTP code. I cannot access my wallet or complete transactions.,1,10,2024-08-18,BOA,Google Play,the system fails to send the otp code i cannot access my wallet or complete transactions,False,False,True,Authentication & Server Bugs,-0.4215,Negative
gp_rev_boa_10173,user_ethiopia_608,Smooth transactions. I highly recommend adding a fingerprint scanner feature.,4,17,2026-05-07,BOA,Google Play,smooth transactions i highly recommend adding a fingerprint scanner feature,False,True,False,Mobile App Feature Request,0.4201,Positive
gp_rev_boa_10174,user_ethiopia_402,I keep getting a login error and the application crashes repeatedly on launch.,1,2,2025-08-26,BOA,Google Play,i keep getting a login error and the application crashes repeatedly on launch,False,False,True,Authentication & Server Bugs,-0.4019,Negative
gp_rev_boa_10175,user_ethiopia_604,Extremely slow loading times when making instant payments to other banks.,1,15,2024-11-14,BOA,Google Play,extremely slow loading times when making instant payments to other banks,True,False,False,Performance & Transfer Delays,0.0,Neutral
gp_rev_boa_10176,user_ethiopia_915,Smooth transactions. I highly recommend adding a fingerprint scanner feature.,4,23,2025-06-07,BOA,Google Play,smooth transactions i highly recommend adding a fingerprint scanner feature,False,True,False,Mobile App Feature Request,0.4201,Positive
gp_rev_boa_10177,user_ethiopia_170,"I really love using this app, but we need budgeting tools and dark mode features ASAP.",3,21,2025-12-20,BOA,Google Play,i really love using this app but we need budgeting tools and dark mode features asap,False,True,False,Mobile App Feature Request,0.4111,Positive
gp_rev_boa_10178,user_ethiopia_760,Very dependable mobile banking system for daily financial operations.,4,24,2025-08-01,BOA,Google Play,very dependable mobile banking system for daily financial operations,False,False,False,General Account Management,0.0,Neutral
gp_rev_boa_10179,user_ethiopia_825,The interface hangs on the processing screen when checking my balance. Please optimize.,1,7,2025-02-05,BOA,Google Play,the interface hangs on the processing screen when checking my balance please optimize,True,False,False,Performance & Transfer Delays,0.6705,Positive
gp_rev_boa_10180,user_ethiopia_807,Great interface! Please add fingerprint login or biometric support for security.,3,6,2025-02-23,BOA,Google Play,great interface please add fingerprint login or biometric support for security,False,True,True,Mobile App Feature Request,0.8955,Positive
gp_rev_boa_10181,user_ethiopia_286,Great interface! Please add fingerprint login or biometric support for security.,3,9,2024-07-18,BOA,Google Play,great interface please add fingerprint login or biometric support for security,False,True,True,Mobile App Feature Request,0.8955,Positive
gp_rev_boa_10182,user_ethiopia_740,I keep getting a login error and the application crashes repeatedly on launch.,1,18,2025-12-03,BOA,Google Play,i keep getting a login error and the application crashes repeatedly on launch,False,False,True,Authentication & Server Bugs,-0.4019,Negative
gp_rev_boa_10183,user_ethiopia_866,"I really love using this app, but we need budgeting tools and dark mode features ASAP.",3,1,2026-04-20,BOA,Google Play,i really love using this app but we need budgeting tools and dark mode features asap,False,True,False,Mobile App Feature Request,0.4111,Positive
gp_rev_boa_10184,user_ethiopia_186,"Excellent update, transfers are fast and easy to navigate.",4,21,2025-12-20,BOA,Google Play,excellent update transfers are fast and easy to navigate,True,False,False,General Account Management,0.765,Positive
gp_rev_boa_10185,user_ethiopia_975,I keep getting a login error and the application crashes repeatedly on launch.,1,6,2025-12-18,BOA,Google Play,i keep getting a login error and the application crashes repeatedly on launch,False,False,True,Authentication & Server Bugs,-0.4019,Negative
gp_rev_boa_10186,user_ethiopia_612,Smooth transactions. I highly recommend adding a fingerprint scanner feature.,4,4,2025-09-09,BOA,Google Play,smooth transactions i highly recommend adding a fingerprint scanner feature,False,True,False,Mobile App Feature Request,0.4201,Positive
gp_rev_boa_10187,user_ethiopia_993,The app is so slow during transfers. It takes forever to load my account balance.,1,6,2025-08-02,BOA,Google Play,the app is so slow during transfers it takes forever to load my account balance,True,False,False,Performance & Transfer Delays,0.0,Neutral
gp_rev_boa_10188,user_ethiopia_402,Constant server communication timeout errors. Fix the customer support line.,1,20,2025-05-21,BOA,Google Play,constant server communication timeout errors fix the customer support line,False,False,True,Authentication & Server Bugs,0.0772,Positive
gp_rev_boa_10189,user_ethiopia_383,Constant server communication timeout errors. Fix the customer support line.,1,24,2025-03-29,BOA,Google Play,constant server communication timeout errors fix the customer support line,False,False,True,Authentication & Server Bugs,0.0772,Positive
gp_rev_boa_10190,user_ethiopia_210,"I really love using this app, but we need budgeting tools and dark mode features ASAP.",3,14,2024-12-03,BOA,Google Play,i really love using this app but we need budgeting tools and dark mode features asap,False,True,False,Mobile App Feature Request,0.4111,Positive
gp_rev_boa_10191,user_ethiopia_842,The interface hangs on the processing screen when checking my balance. Please optimize.,1,21,2026-03-18,BOA,Google Play,the interface hangs on the processing screen when checking my balance please optimize,True,False,False,Performance & Transfer Delays,0.6705,Positive
gp_rev_boa_10192,user_ethiopia_357,The system fails to send the OTP code. I cannot access my wallet or complete transactions.,1,22,2026-05-06,BOA,Google Play,the system fails to send the otp code i cannot access my wallet or complete transactions,False,False,True,Authentication & Server Bugs,-0.4215,Negative
gp_rev_boa_10193,user_ethiopia_249,The interface hangs on the processing screen when checking my balance. Please optimize.,1,1,2025-02-04,BOA,Google Play,the interface hangs on the processing screen when checking my balance please optimize,True,False,False,Performance & Transfer Delays,0.6705,Positive
gp_rev_boa_10194,user_ethiopia_927,"Excellent update, transfers are fast and easy to navigate.",4,16,2024-11-25,BOA,Google Play,excellent update transfers are fast and easy to navigate,True,False,False,General Account Management,0.765,Positive
gp_rev_boa_10195,user_ethiopia_178,Constant server communication timeout errors. Fix the customer support line.,1,8,2024-11-11,BOA,Google Play,constant server communication timeout errors fix the customer support line,False,False,True,Authentication & Server Bugs,0.0772,Positive
gp_rev_boa_10196,user_ethiopia_674,The system fails to send the OTP code. I cannot access my wallet or complete transactions.,1,22,2025-05-16,BOA,Google Play,the system fails to send the otp code i cannot access my wallet or complete transactions,False,False,True,Authentication & Server Bugs,-0.4215,Negative
gp_rev_boa_10197,user_ethiopia_407,"I really love using this app, but we need budgeting tools and dark mode features ASAP.",3,19,2025-11-19,BOA,Google Play,i really love using this app but we need budgeting tools and dark mode features asap,False,True,False,Mobile App Feature Request,0.4111,Positive
gp_rev_boa_10198,user_ethiopia_854,Constant server communication timeout errors. Fix the customer support line.,1,15,2025-12-10,BOA,Google Play,constant server communication timeout errors fix the customer support line,False,False,True,Authentication & Server Bugs,0.0772,Positive
gp_rev_boa_10199,user_ethiopia_221,Smooth transactions. I highly recommend adding a fingerprint scanner feature.,4,16,2026-04-07,BOA,Google Play,smooth transactions i highly recommend adding a fingerprint scanner feature,False,True,False,Mobile App Feature Request,0.4201,Positive
gp_rev_boa_10200,user_ethiopia_186,"Excellent update, transfers are fast and easy to navigate.",4,16,2025-06-05,BOA,Google Play,excellent update transfers are fast and easy to navigate,True,False,False,General Account Management,0.765,Positive
gp_rev_boa_10201,user_ethiopia_331,Constant server communication timeout errors. Fix the customer support line.,1,18,2025-01-21,BOA,Google Play,constant server communication timeout errors fix the customer support line,False,False,True,Authentication & Server Bugs,0.0772,Positive
gp_rev_boa_10202,user_ethiopia_413,Extremely slow loading times when making instant payments to other banks.,1,19,2024-12-09,BOA,Google Play,extremely slow loading times when making instant payments to other banks,True,False,False,Performance & Transfer Delays,0.0,Neutral
gp_rev_boa_10203,user_ethiopia_987,The interface hangs on the processing screen when checking my balance. Please optimize.,1,6,2025-02-06,BOA,Google Play,the interface hangs on the processing screen when checking my balance please optimize,True,False,False,Performance & Transfer Delays,0.6705,Positive
gp_rev_boa_10204,user_ethiopia_627,"I really love using this app, but we need budgeting tools and dark mode features ASAP.",3,1,2024-10-20,BOA,Google Play,i really love using this app but we need budgeting tools and dark mode features asap,False,True,False,Mobile App Feature Request,0.4111,Positive
gp_rev_boa_10205,user_ethiopia_374,The interface hangs on the processing screen when checking my balance. Please optimize.,1,3,2024-08-12,BOA,Google Play,the interface hangs on the processing screen when checking my balance please optimize,True,False,False,Performance & Transfer Delays,0.6705,Positive
gp_rev_boa_10206,user_ethiopia_284,I keep getting a login error and the application crashes repeatedly on launch.,1,10,2024-12-07,BOA,Google Play,i keep getting a login error and the application crashes repeatedly on launch,False,False,True,Authentication & Server Bugs,-0.4019,Negative
gp_rev_boa_10207,user_ethiopia_721,"Excellent update, transfers are fast and easy to navigate.",4,24,2025-06-10,BOA,Google Play,excellent update transfers are fast and easy to navigate,True,False,False,General Account Management,0.765,Positive
gp_rev_boa_10208,user_ethiopia_353,Very dependable mobile banking system for daily financial operations.,4,2,2025-11-30,BOA,Google Play,very dependable mobile banking system for daily financial operations,False,False,False,General Account Management,0.0,Neutral
gp_rev_boa_10209,user_ethiopia_677,"I really love using this app, but we need budgeting tools and dark mode features ASAP.",3,14,2025-12-03,BOA,Google Play,i really love using this app but we need budgeting tools and dark mode features asap,False,True,False,Mobile App Feature Request,0.4111,Positive
gp_rev_boa_10210,user_ethiopia_922,Very dependable mobile banking system for daily financial operations.,4,5,2026-03-21,BOA,Google Play,very dependable mobile banking system for daily financial operations,False,False,False,General Account Management,0.0,Neutral
gp_rev_boa_10211,user_ethiopia_309,Extremely slow loading times when making instant payments to other banks.,1,24,2025-06-13,BOA,Google Play,extremely slow loading times when making instant payments to other banks,True,False,False,Performance & Transfer Delays,0.0,Neutral
gp_rev_boa_10212,user_ethiopia_956,The app is so slow during transfers. It takes forever to load my account balance.,1,16,2024-08-03,BOA,Google Play,the app is so slow during transfers it takes forever to load my account balance,True,False,False,Performance & Transfer Delays,0.0,Neutral
gp_rev_boa_10213,user_ethiopia_355,Constant server communication timeout errors. Fix the customer support line.,1,17,2025-03-28,BOA,Google Play,constant server communication timeout errors fix the customer support line,False,False,True,Authentication & Server Bugs,0.0772,Positive
gp_rev_boa_10214,user_ethiopia_174,I keep getting a login error and the application crashes repeatedly on launch.,1,1,2025-01-20,BOA,Google Play,i keep getting a login error and the application crashes repeatedly on launch,False,False,True,Authentication & Server Bugs,-0.4019,Negative
gp_rev_boa_10215,user_ethiopia_213,Smooth transactions. I highly recommend adding a fingerprint scanner feature.,4,24,2025-03-25,BOA,Google Play,smooth transactions i highly recommend adding a fingerprint scanner feature,False,True,False,Mobile App Feature Request,0.4201,Positive
gp_rev_boa_10216,user_ethiopia_406,Very dependable mobile banking system for daily financial operations.,4,9,2026-03-09,BOA,Google Play,very dependable mobile banking system for daily financial operations,False,False,False,General Account Management,0.0,Neutral
gp_rev_boa_10217,user_ethiopia_905,The system fails to send the OTP code. I cannot access my wallet or complete transactions.,1,3,2025-04-26,BOA,Google Play,the system fails to send the otp code i cannot access my wallet or complete transactions,False,False,True,Authentication & Server Bugs,-0.4215,Negative
gp_rev_boa_10218,user_ethiopia_879,Very dependable mobile banking system for daily financial operations.,4,8,2025-04-28,BOA,Google Play,very dependable mobile banking system for daily financial operations,False,False,False,General Account Management,0.0,Neutral
gp_rev_boa_10219,user_ethiopia_725,Smooth transactions. I highly recommend adding a fingerprint scanner feature.,4,25,2025-02-24,BOA,Google Play,smooth transactions i highly recommend adding a fingerprint scanner feature,False,True,False,Mobile App Feature Request,0.4201,Positive
gp_rev_boa_10220,user_ethiopia_318,"Excellent update, transfers are fast and easy to navigate.",4,14,2026-02-20,BOA,Google Play,excellent update transfers are fast and easy to navigate,True,False,False,General Account Management,0.765,Positive
gp_rev_boa_10221,user_ethiopia_810,The system fails to send the OTP code. I cannot access my wallet or complete transactions.,1,9,2025-06-08,BOA,Google Play,the system fails to send the otp code i cannot access my wallet or complete transactions,False,False,True,Authentication & Server Bugs,-0.4215,Negative
gp_rev_boa_10222,user_ethiopia_627,I keep getting a login error and the application crashes repeatedly on launch.,1,4,2025-12-24,BOA,Google Play,i keep getting a login error and the application crashes repeatedly on launch,False,False,True,Authentication & Server Bugs,-0.4019,Negative
gp_rev_boa_10223,user_ethiopia_652,"I really love using this app, but we need budgeting tools and dark mode features ASAP.",3,19,2025-01-25,BOA,Google Play,i really love using this app but we need budgeting tools and dark mode features asap,False,True,False,Mobile App Feature Request,0.4111,Positive
gp_rev_boa_10224,user_ethiopia_433,The app is so slow during transfers. It takes forever to load my account balance.,1,8,2025-03-19,BOA,Google Play,the app is so slow during transfers it takes forever to load my account balance,True,False,False,Performance & Transfer Delays,0.0,Neutral
gp_rev_boa_10225,user_ethiopia_688,The interface hangs on the processing screen when checking my balance. Please optimize.,1,8,2026-04-08,BOA,Google Play,the interface hangs on the processing screen when checking my balance please optimize,True,False,False,Performance & Transfer Delays,0.6705,Positive
gp_rev_boa_10226,user_ethiopia_743,The system fails to send the OTP code. I cannot access my wallet or complete transactions.,1,3,2025-04-16,BOA,Google Play,the system fails to send the otp code i cannot access my wallet or complete transactions,False,False,True,Authentication & Server Bugs,-0.4215,Negative
gp_rev_boa_10227,user_ethiopia_679,The interface hangs on the processing screen when checking my balance. Please optimize.,1,25,2025-01-19,BOA,Google Play,the interface hangs on the processing screen when checking my balance please optimize,True,False,False,Performance & Transfer Delays,0.6705,Positive
gp_rev_boa_10228,user_ethiopia_528,The app is so slow during transfers. It takes forever to load my account balance.,1,7,2025-11-15,BOA,Google Play,the app is so slow during transfers it takes forever to load my account balance,True,False,False,Performance & Transfer Delays,0.0,Neutral
gp_rev_boa_10229,user_ethiopia_131,Very dependable mobile banking system for daily financial operations.,4,21,2026-05-15,BOA,Google Play,very dependable mobile banking system for daily financial operations,False,False,False,General Account Management,0.0,Neutral
gp_rev_boa_10230,user_ethiopia_965,"Excellent update, transfers are fast and easy to navigate.",4,4,2025-11-05,BOA,Google Play,excellent update transfers are fast and easy to navigate,True,False,False,General Account Management,0.765,Positive
gp_rev_boa_10231,user_ethiopia_798,Great interface! Please add fingerprint login or biometric support for security.,3,5,2026-04-23,BOA,Google Play,great interface please add fingerprint login or biometric support for security,False,True,True,Mobile App Feature Request,0.8955,Positive
gp_rev_boa_10232,user_ethiopia_546,"I really love using this app, but we need budgeting tools and dark mode features ASAP.",3,21,2024-07-24,BOA,Google Play,i really love using this app but we need budgeting tools and dark mode features asap,False,True,False,Mobile App Feature Request,0.4111,Positive
gp_rev_boa_10233,user_ethiopia_621,"Excellent update, transfers are fast and easy to navigate.",4,5,2026-05-09,BOA,Google Play,excellent update transfers are fast and easy to navigate,True,False,False,General Account Management,0.765,Positive
gp_rev_boa_10234,user_ethiopia_651,The app is so slow during transfers. It takes forever to load my account balance.,1,20,2024-07-06,BOA,Google Play,the app is so slow during transfers it takes forever to load my account balance,True,False,False,Performance & Transfer Delays,0.0,Neutral
gp_rev_boa_10235,user_ethiopia_729,The app is so slow during transfers. It takes forever to load my account balance.,1,10,2025-08-11,BOA,Google Play,the app is so slow during transfers it takes forever to load my account balance,True,False,False,Performance & Transfer Delays,0.0,Neutral
gp_rev_boa_10236,user_ethiopia_900,The interface hangs on the processing screen when checking my balance. Please optimize.,1,22,2025-01-03,BOA,Google Play,the interface hangs on the processing screen when checking my balance please optimize,True,False,False,Performance & Transfer Delays,0.6705,Positive
gp_rev_boa_10237,user_ethiopia_635,Extremely slow loading times when making instant payments to other banks.,1,0,2025-07-21,BOA,Google Play,extremely slow loading times when making instant payments to other banks,True,False,False,Performance & Transfer Delays,0.0,Neutral
gp_rev_boa_10238,user_ethiopia_872,Smooth transactions. I highly recommend adding a fingerprint scanner feature.,4,0,2025-09-24,BOA,Google Play,smooth transactions i highly recommend adding a fingerprint scanner feature,False,True,False,Mobile App Feature Request,0.4201,Positive
gp_rev_boa_10239,user_ethiopia_998,I keep getting a login error and the application crashes repeatedly on launch.,1,7,2024-09-17,BOA,Google Play,i keep getting a login error and the application crashes repeatedly on launch,False,False,True,Authentication & Server Bugs,-0.4019,Negative
gp_rev_boa_10240,user_ethiopia_883,Extremely slow loading times when making instant payments to other banks.,1,6,2026-03-01,BOA,Google Play,extremely slow loading times when making instant payments to other banks,True,False,False,Performance & Transfer Delays,0.0,Neutral
gp_rev_boa_10241,user_ethiopia_530,Extremely slow loading times when making instant payments to other banks.,1,11,2025-09-12,BOA,Google Play,extremely slow loading times when making instant payments to other banks,True,False,False,Performance & Transfer Delays,0.0,Neutral
gp_rev_boa_10242,user_ethiopia_916,I keep getting a login error and the application crashes repeatedly on launch.,1,19,2026-01-20,BOA,Google Play,i keep getting a login error and the application crashes repeatedly on launch,False,False,True,Authentication & Server Bugs,-0.4019,Negative
gp_rev_boa_10243,user_ethiopia_525,Constant server communication timeout errors. Fix the customer support line.,1,20,2024-07-09,BOA,Google Play,constant server communication timeout errors fix the customer support line,False,False,True,Authentication & Server Bugs,0.0772,Positive
gp_rev_boa_10244,user_ethiopia_102,Constant server communication timeout errors. Fix the customer support line.,1,3,2025-02-07,BOA,Google Play,constant server communication timeout errors fix the customer support line,False,False,True,Authentication & Server Bugs,0.0772,Positive
gp_rev_boa_10245,user_ethiopia_321,I keep getting a login error and the application crashes repeatedly on launch.,1,2,2026-04-06,BOA,Google Play,i keep getting a login error and the application crashes repeatedly on launch,False,False,True,Authentication & Server Bugs,-0.4019,Negative
gp_rev_boa_10246,user_ethiopia_735,The interface hangs on the processing screen when checking my balance. Please optimize.,1,10,2025-07-13,BOA,Google Play,the interface hangs on the processing screen when checking my balance please optimize,True,False,False,Performance & Transfer Delays,0.6705,Positive
gp_rev_boa_10247,user_ethiopia_863,The system fails to send the OTP code. I cannot access my wallet or complete transactions.,1,22,2025-11-01,BOA,Google Play,the system fails to send the otp code i cannot access my wallet or complete transactions,False,False,True,Authentication & Server Bugs,-0.4215,Negative
gp_rev_boa_10248,user_ethiopia_848,"Excellent update, transfers are fast and easy to navigate.",4,16,2024-10-25,BOA,Google Play,excellent update transfers are fast and easy to navigate,True,False,False,General Account Management,0.765,Positive
gp_rev_boa_10249,user_ethiopia_587,Smooth transactions. I highly recommend adding a fingerprint scanner feature.,4,12,2025-12-31,BOA,Google Play,smooth transactions i highly recommend adding a fingerprint scanner feature,False,True,False,Mobile App Feature Request,0.4201,Positive
gp_rev_boa_10250,user_ethiopia_286,I keep getting a login error and the application crashes repeatedly on launch.,1,25,2024-10-11,BOA,Google Play,i keep getting a login error and the application crashes repeatedly on launch,False,False,True,Authentication & Server Bugs,-0.4019,Negative
gp_rev_boa_10251,user_ethiopia_869,The interface hangs on the processing screen when checking my balance. Please optimize.,1,16,2024-12-20,BOA,Google Play,the interface hangs on the processing screen when checking my balance please optimize,True,False,False,Performance & Transfer Delays,0.6705,Positive
gp_rev_boa_10252,user_ethiopia_779,The system fails to send the OTP code. I cannot access my wallet or complete transactions.,1,17,2024-11-30,BOA,Google Play,the system fails to send the otp code i cannot access my wallet or complete transactions,False,False,True,Authentication & Server Bugs,-0.4215,Negative
gp_rev_boa_10253,user_ethiopia_658,Constant server communication timeout errors. Fix the customer support line.,1,23,2025-05-26,BOA,Google Play,constant server communication timeout errors fix the customer support line,False,False,True,Authentication & Server Bugs,0.0772,Positive
gp_rev_boa_10254,user_ethiopia_210,"I really love using this app, but we need budgeting tools and dark mode features ASAP.",3,16,2024-10-09,BOA,Google Play,i really love using this app but we need budgeting tools and dark mode features asap,False,True,False,Mobile App Feature Request,0.4111,Positive
gp_rev_boa_10255,user_ethiopia_277,"I really love using this app, but we need budgeting tools and dark mode features ASAP.",3,20,2024-09-02,BOA,Google Play,i really love using this app but we need budgeting tools and dark mode features asap,False,True,False,Mobile App Feature Request,0.4111,Positive
gp_rev_boa_10256,user_ethiopia_791,Extremely slow loading times when making instant payments to other banks.,1,13,2024-10-26,BOA,Google Play,extremely slow loading times when making instant payments to other banks,True,False,False,Performance & Transfer Delays,0.0,Neutral
gp_rev_boa_10257,user_ethiopia_438,Great interface! Please add fingerprint login or biometric support for security.,3,8,2025-02-23,BOA,Google Play,great interface please add fingerprint login or biometric support for security,False,True,True,Mobile App Feature Request,0.8955,Positive
gp_rev_boa_10258,user_ethiopia_106,"Excellent update, transfers are fast and easy to navigate.",4,16,2025-02-26,BOA,Google Play,excellent update transfers are fast and easy to navigate,True,False,False,General Account Management,0.765,Positive
gp_rev_boa_10259,user_ethiopia_344,The system fails to send the OTP code. I cannot access my wallet or complete transactions.,1,15,2024-09-11,BOA,Google Play,the system fails to send the otp code i cannot access my wallet or complete transactions,False,False,True,Authentication & Server Bugs,-0.4215,Negative
gp_rev_boa_10260,user_ethiopia_258,Extremely slow loading times when making instant payments to other banks.,1,23,2025-09-15,BOA,Google Play,extremely slow loading times when making instant payments to other banks,True,False,False,Performance & Transfer Delays,0.0,Neutral
gp_rev_boa_10261,user_ethiopia_887,I keep getting a login error and the application crashes repeatedly on launch.,1,5,2026-03-04,BOA,Google Play,i keep getting a login error and the application crashes repeatedly on launch,False,False,True,Authentication & Server Bugs,-0.4019,Negative
gp_rev_boa_10262,user_ethiopia_591,Extremely slow loading times when making instant payments to other banks.,1,3,2025-04-09,BOA,Google Play,extremely slow loading times when making instant payments to other banks,True,False,False,Performance & Transfer Delays,0.0,Neutral
gp_rev_boa_10263,user_ethiopia_297,I keep getting a login error and the application crashes repeatedly on launch.,1,22,2025-05-23,BOA,Google Play,i keep getting a login error and the application crashes repeatedly on launch,False,False,True,Authentication & Server Bugs,-0.4019,Negative
gp_rev_boa_10264,user_ethiopia_369,Extremely slow loading times when making instant payments to other banks.,1,2,2024-09-12,BOA,Google Play,extremely slow loading times when making instant payments to other banks,True,False,False,Performance & Transfer Delays,0.0,Neutral
gp_rev_boa_10265,user_ethiopia_642,The system fails to send the OTP code. I cannot access my wallet or complete transactions.,1,16,2024-11-02,BOA,Google Play,the system fails to send the otp code i cannot access my wallet or complete transactions,False,False,True,Authentication & Server Bugs,-0.4215,Negative
gp_rev_boa_10266,user_ethiopia_403,Great interface! Please add fingerprint login or biometric support for security.,3,15,2025-03-19,BOA,Google Play,great interface please add fingerprint login or biometric support for security,False,True,True,Mobile App Feature Request,0.8955,Positive
gp_rev_boa_10267,user_ethiopia_506,Constant server communication timeout errors. Fix the customer support line.,1,5,2025-07-28,BOA,Google Play,constant server communication timeout errors fix the customer support line,False,False,True,Authentication & Server Bugs,0.0772,Positive
gp_rev_boa_10268,user_ethiopia_464,The app is so slow during transfers. It takes forever to load my account balance.,1,1,2025-10-07,BOA,Google Play,the app is so slow during transfers it takes forever to load my account balance,True,False,False,Performance & Transfer Delays,0.0,Neutral
gp_rev_boa_10269,user_ethiopia_794,Very dependable mobile banking system for daily financial operations.,4,18,2024-07-13,BOA,Google Play,very dependable mobile banking system for daily financial operations,False,False,False,General Account Management,0.0,Neutral
gp_rev_boa_10270,user_ethiopia_807,The interface hangs on the processing screen when checking my balance. Please optimize.,1,14,2025-12-14,BOA,Google Play,the interface hangs on the processing screen when checking my balance please optimize,True,False,False,Performance & Transfer Delays,0.6705,Positive
gp_rev_boa_10271,user_ethiopia_305,Great interface! Please add fingerprint login or biometric support for security.,3,3,2024-09-08,BOA,Google Play,great interface please add fingerprint login or biometric support for security,False,True,True,Mobile App Feature Request,0.8955,Positive
gp_rev_boa_10272,user_ethiopia_799,"I really love using this app, but we need budgeting tools and dark mode features ASAP.",3,14,2026-02-02,BOA,Google Play,i really love using this app but we need budgeting tools and dark mode features asap,False,True,False,Mobile App Feature Request,0.4111,Positive
gp_rev_boa_10273,user_ethiopia_445,The interface hangs on the processing screen when checking my balance. Please optimize.,1,22,2025-07-25,BOA,Google Play,the interface hangs on the processing screen when checking my balance please optimize,True,False,False,Performance & Transfer Delays,0.6705,Positive
gp_rev_boa_10274,user_ethiopia_158,Very dependable mobile banking system for daily financial operations.,4,9,2024-11-10,BOA,Google Play,very dependable mobile banking system for daily financial operations,False,False,False,General Account Management,0.0,Neutral
gp_rev_boa_10275,user_ethiopia_640,Very dependable mobile banking system for daily financial operations.,4,24,2026-01-11,BOA,Google Play,very dependable mobile banking system for daily financial operations,False,False,False,General Account Management,0.0,Neutral
gp_rev_boa_10276,user_ethiopia_698,Constant server communication timeout errors. Fix the customer support line.,1,15,2025-09-01,BOA,Google Play,constant server communication timeout errors fix the customer support line,False,False,True,Authentication & Server Bugs,0.0772,Positive
gp_rev_boa_10277,user_ethiopia_965,Very dependable mobile banking system for daily financial operations.,4,2,2024-08-12,BOA,Google Play,very dependable mobile banking system for daily financial operations,False,False,False,General Account Management,0.0,Neutral
gp_rev_boa_10278,user_ethiopia_817,I keep getting a login error and the application crashes repeatedly on launch.,1,25,2025-03-05,BOA,Google Play,i keep getting a login error and the application crashes repeatedly on launch,False,False,True,Authentication & Server Bugs,-0.4019,Negative
gp_rev_boa_10279,user_ethiopia_670,The app is so slow during transfers. It takes forever to load my account balance.,1,1,2025-06-29,BOA,Google Play,the app is so slow during transfers it takes forever to load my account balance,True,False,False,Performance & Transfer Delays,0.0,Neutral
gp_rev_boa_10280,user_ethiopia_695,I keep getting a login error and the application crashes repeatedly on launch.,1,13,2024-10-28,BOA,Google Play,i keep getting a login error and the application crashes repeatedly on launch,False,False,True,Authentication & Server Bugs,-0.4019,Negative
gp_rev_boa_10281,user_ethiopia_804,The app is so slow during transfers. It takes forever to load my account balance.,1,5,2024-09-26,BOA,Google Play,the app is so slow during transfers it takes forever to load my account balance,True,False,False,Performance & Transfer Delays,0.0,Neutral
gp_rev_boa_10282,user_ethiopia_598,The system fails to send the OTP code. I cannot access my wallet or complete transactions.,1,7,2026-03-28,BOA,Google Play,the system fails to send the otp code i cannot access my wallet or complete transactions,False,False,True,Authentication & Server Bugs,-0.4215,Negative
gp_rev_boa_10283,user_ethiopia_454,Great interface! Please add fingerprint login or biometric support for security.,3,16,2024-11-01,BOA,Google Play,great interface please add fingerprint login or biometric support for security,False,True,True,Mobile App Feature Request,0.8955,Positive
gp_rev_boa_10284,user_ethiopia_391,I keep getting a login error and the application crashes repeatedly on launch.,1,6,2025-05-18,BOA,Google Play,i keep getting a login error and the application crashes repeatedly on launch,False,False,True,Authentication & Server Bugs,-0.4019,Negative
gp_rev_boa_10285,user_ethiopia_448,Smooth transactions. I highly recommend adding a fingerprint scanner feature.,4,10,2024-06-17,BOA,Google Play,smooth transactions i highly recommend adding a fingerprint scanner feature,False,True,False,Mobile App Feature Request,0.4201,Positive
gp_rev_boa_10286,user_ethiopia_958,Very dependable mobile banking system for daily financial operations.,4,7,2025-12-01,BOA,Google Play,very dependable mobile banking system for daily financial operations,False,False,False,General Account Management,0.0,Neutral
gp_rev_boa_10287,user_ethiopia_285,Very dependable mobile banking system for daily financial operations.,4,6,2024-12-19,BOA,Google Play,very dependable mobile banking system for daily financial operations,False,False,False,General Account Management,0.0,Neutral
gp_rev_boa_10288,user_ethiopia_619,"Excellent update, transfers are fast and easy to navigate.",4,14,2026-03-22,BOA,Google Play,excellent update transfers are fast and easy to navigate,True,False,False,General Account Management,0.765,Positive
gp_rev_boa_10289,user_ethiopia_809,Very dependable mobile banking system for daily financial operations.,4,23,2025-09-08,BOA,Google Play,very dependable mobile banking system for daily financial operations,False,False,False,General Account Management,0.0,Neutral
gp_rev_boa_10290,user_ethiopia_834,The system fails to send the OTP code. I cannot access my wallet or complete transactions.,1,3,2026-04-18,BOA,Google Play,the system fails to send the otp code i cannot access my wallet or complete transactions,False,False,True,Authentication & Server Bugs,-0.4215,Negative
gp_rev_boa_10291,user_ethiopia_332,The interface hangs on the processing screen when checking my balance. Please optimize.,1,6,2024-10-23,BOA,Google Play,the interface hangs on the processing screen when checking my balance please optimize,True,False,False,Performance & Transfer Delays,0.6705,Positive
gp_rev_boa_10292,user_ethiopia_670,The system fails to send the OTP code. I cannot access my wallet or complete transactions.,1,0,2024-09-20,BOA,Google Play,the system fails to send the otp code i cannot access my wallet or complete transactions,False,False,True,Authentication & Server Bugs,-0.4215,Negative
gp_rev_boa_10293,user_ethiopia_317,Smooth transactions. I highly recommend adding a fingerprint scanner feature.,4,19,2024-10-02,BOA,Google Play,smooth transactions i highly recommend adding a fingerprint scanner feature,False,True,False,Mobile App Feature Request,0.4201,Positive
gp_rev_boa_10294,user_ethiopia_609,The app is so slow during transfers. It takes forever to load my account balance.,1,10,2025-12-02,BOA,Google Play,the app is so slow during transfers it takes forever to load my account balance,True,False,False,Performance & Transfer Delays,0.0,Neutral
gp_rev_boa_10295,user_ethiopia_395,Great interface! Please add fingerprint login or biometric support for security.,3,18,2026-02-26,BOA,Google Play,great interface please add fingerprint login or biometric support for security,False,True,True,Mobile App Feature Request,0.8955,Positive
gp_rev_boa_10296,user_ethiopia_209,Smooth transactions. I highly recommend adding a fingerprint scanner feature.,4,13,2025-05-21,BOA,Google Play,smooth transactions i highly recommend adding a fingerprint scanner feature,False,True,False,Mobile App Feature Request,0.4201,Positive
gp_rev_boa_10297,user_ethiopia_381,The interface hangs on the processing screen when checking my balance. Please optimize.,1,20,2025-11-01,BOA,Google Play,the interface hangs on the processing screen when checking my balance please optimize,True,False,False,Performance & Transfer Delays,0.6705,Positive
gp_rev_boa_10298,user_ethiopia_346,Great interface! Please add fingerprint login or biometric support for security.,3,21,2026-05-11,BOA,Google Play,great interface please add fingerprint login or biometric support for security,False,True,True,Mobile App Feature Request,0.8955,Positive
gp_rev_boa_10299,user_ethiopia_325,"Excellent update, transfers are fast and easy to navigate.",4,19,2026-02-14,BOA,Google Play,excellent update transfers are fast and easy to navigate,True,False,False,General Account Management,0.765,Positive
gp_rev_boa_10300,user_ethiopia_135,The interface hangs on the processing screen when checking my balance. Please optimize.,1,20,2026-04-20,BOA,Google Play,the interface hangs on the processing screen when checking my balance please optimize,True,False,False,Performance & Transfer Delays,0.6705,Positive
gp_rev_boa_10301,user_ethiopia_280,The system fails to send the OTP code. I cannot access my wallet or complete transactions.,1,9,2025-02-08,BOA,Google Play,the system fails to send the otp code i cannot access my wallet or complete transactions,False,False,True,Authentication & Server Bugs,-0.4215,Negative
gp_rev_boa_10302,user_ethiopia_544,Very dependable mobile banking system for daily financial operations.,4,25,2025-01-13,BOA,Google Play,very dependable mobile banking system for daily financial operations,False,False,False,General Account Management,0.0,Neutral
gp_rev_boa_10303,user_ethiopia_410,The app is so slow during transfers. It takes forever to load my account balance.,1,23,2025-05-24,BOA,Google Play,the app is so slow during transfers it takes forever to load my account balance,True,False,False,Performance & Transfer Delays,0.0,Neutral
gp_rev_boa_10304,user_ethiopia_728,Very dependable mobile banking system for daily financial operations.,4,17,2026-05-14,BOA,Google Play,very dependable mobile banking system for daily financial operations,False,False,False,General Account Management,0.0,Neutral
gp_rev_boa_10305,user_ethiopia_557,"I really love using this app, but we need budgeting tools and dark mode features ASAP.",3,8,2025-10-26,BOA,Google Play,i really love using this app but we need budgeting tools and dark mode features asap,False,True,False,Mobile App Feature Request,0.4111,Positive
gp_rev_boa_10306,user_ethiopia_998,Very dependable mobile banking system for daily financial operations.,4,2,2025-06-01,BOA,Google Play,very dependable mobile banking system for daily financial operations,False,False,False,General Account Management,0.0,Neutral
gp_rev_boa_10307,user_ethiopia_309,The system fails to send the OTP code. I cannot access my wallet or complete transactions.,1,16,2024-07-22,BOA,Google Play,the system fails to send the otp code i cannot access my wallet or complete transactions,False,False,True,Authentication & Server Bugs,-0.4215,Negative
gp_rev_boa_10308,user_ethiopia_244,The app is so slow during transfers. It takes forever to load my account balance.,1,4,2026-04-25,BOA,Google Play,the app is so slow during transfers it takes forever to load my account balance,True,False,False,Performance & Transfer Delays,0.0,Neutral
gp_rev_boa_10309,user_ethiopia_861,"I really love using this app, but we need budgeting tools and dark mode features ASAP.",3,4,2024-09-28,BOA,Google Play,i really love using this app but we need budgeting tools and dark mode features asap,False,True,False,Mobile App Feature Request,0.4111,Positive
gp_rev_boa_10310,user_ethiopia_386,"Excellent update, transfers are fast and easy to navigate.",4,5,2025-03-12,BOA,Google Play,excellent update transfers are fast and easy to navigate,True,False,False,General Account Management,0.765,Positive
gp_rev_boa_10311,user_ethiopia_777,Smooth transactions. I highly recommend adding a fingerprint scanner feature.,4,4,2025-03-09,BOA,Google Play,smooth transactions i highly recommend adding a fingerprint scanner feature,False,True,False,Mobile App Feature Request,0.4201,Positive
gp_rev_boa_10312,user_ethiopia_399,The system fails to send the OTP code. I cannot access my wallet or complete transactions.,1,9,2024-10-04,BOA,Google Play,the system fails to send the otp code i cannot access my wallet or complete transactions,False,False,True,Authentication & Server Bugs,-0.4215,Negative
gp_rev_boa_10313,user_ethiopia_849,Very dependable mobile banking system for daily financial operations.,4,18,2024-08-26,BOA,Google Play,very dependable mobile banking system for daily financial operations,False,False,False,General Account Management,0.0,Neutral
gp_rev_boa_10314,user_ethiopia_576,The system fails to send the OTP code. I cannot access my wallet or complete transactions.,1,22,2026-01-21,BOA,Google Play,the system fails to send the otp code i cannot access my wallet or complete transactions,False,False,True,Authentication & Server Bugs,-0.4215,Negative
gp_rev_boa_10315,user_ethiopia_223,Constant server communication timeout errors. Fix the customer support line.,1,11,2025-04-18,BOA,Google Play,constant server communication timeout errors fix the customer support line,False,False,True,Authentication & Server Bugs,0.0772,Positive
gp_rev_boa_10316,user_ethiopia_157,Very dependable mobile banking system for daily financial operations.,4,23,2025-01-12,BOA,Google Play,very dependable mobile banking system for daily financial operations,False,False,False,General Account Management,0.0,Neutral
gp_rev_boa_10317,user_ethiopia_804,Very dependable mobile banking system for daily financial operations.,4,22,2025-01-31,BOA,Google Play,very dependable mobile banking system for daily financial operations,False,False,False,General Account Management,0.0,Neutral
gp_rev_boa_10318,user_ethiopia_803,The system fails to send the OTP code. I cannot access my wallet or complete transactions.,1,21,2024-06-26,BOA,Google Play,the system fails to send the otp code i cannot access my wallet or complete transactions,False,False,True,Authentication & Server Bugs,-0.4215,Negative
gp_rev_boa_10319,user_ethiopia_236,The app is so slow during transfers. It takes forever to load my account balance.,1,3,2024-08-17,BOA,Google Play,the app is so slow during transfers it takes forever to load my account balance,True,False,False,Performance & Transfer Delays,0.0,Neutral
gp_rev_boa_10320,user_ethiopia_642,Extremely slow loading times when making instant payments to other banks.,1,14,2024-09-06,BOA,Google Play,extremely slow loading times when making instant payments to other banks,True,False,False,Performance & Transfer Delays,0.0,Neutral
gp_rev_boa_10321,user_ethiopia_244,Very dependable mobile banking system for daily financial operations.,4,12,2025-11-21,BOA,Google Play,very dependable mobile banking system for daily financial operations,False,False,False,General Account Management,0.0,Neutral
gp_rev_boa_10322,user_ethiopia_719,The system fails to send the OTP code. I cannot access my wallet or complete transactions.,1,24,2024-07-04,BOA,Google Play,the system fails to send the otp code i cannot access my wallet or complete transactions,False,False,True,Authentication & Server Bugs,-0.4215,Negative
gp_rev_boa_10323,user_ethiopia_114,Very dependable mobile banking system for daily financial operations.,4,13,2025-02-28,BOA,Google Play,very dependable mobile banking system for daily financial operations,False,False,False,General Account Management,0.0,Neutral
gp_rev_boa_10324,user_ethiopia_850,Extremely slow loading times when making instant payments to other banks.,1,11,2025-08-01,BOA,Google Play,extremely slow loading times when making instant payments to other banks,True,False,False,Performance & Transfer Delays,0.0,Neutral
gp_rev_boa_10325,user_ethiopia_195,The interface hangs on the processing screen when checking my balance. Please optimize.,1,19,2025-12-12,BOA,Google Play,the interface hangs on the processing screen when checking my balance please optimize,True,False,False,Performance & Transfer Delays,0.6705,Positive
gp_rev_boa_10326,user_ethiopia_714,The interface hangs on the processing screen when checking my balance. Please optimize.,1,25,2025-10-26,BOA,Google Play,the interface hangs on the processing screen when checking my balance please optimize,True,False,False,Performance & Transfer Delays,0.6705,Positive
gp_rev_boa_10327,user_ethiopia_663,"I really love using this app, but we need budgeting tools and dark mode features ASAP.",3,8,2025-02-03,BOA,Google Play,i really love using this app but we need budgeting tools and dark mode features asap,False,True,False,Mobile App Feature Request,0.4111,Positive
gp_rev_boa_10328,user_ethiopia_727,Very dependable mobile banking system for daily financial operations.,4,24,2025-09-29,BOA,Google Play,very dependable mobile banking system for daily financial operations,False,False,False,General Account Management,0.0,Neutral
gp_rev_boa_10329,user_ethiopia_186,"I really love using this app, but we need budgeting tools and dark mode features ASAP.",3,18,2025-11-18,BOA,Google Play,i really love using this app but we need budgeting tools and dark mode features asap,False,True,False,Mobile App Feature Request,0.4111,Positive
gp_rev_boa_10330,user_ethiopia_242,The system fails to send the OTP code. I cannot access my wallet or complete transactions.,1,11,2024-10-11,BOA,Google Play,the system fails to send the otp code i cannot access my wallet or complete transactions,False,False,True,Authentication & Server Bugs,-0.4215,Negative
gp_rev_boa_10331,user_ethiopia_340,The system fails to send the OTP code. I cannot access my wallet or complete transactions.,1,6,2024-12-28,BOA,Google Play,the system fails to send the otp code i cannot access my wallet or complete transactions,False,False,True,Authentication & Server Bugs,-0.4215,Negative
gp_rev_boa_10332,user_ethiopia_279,The interface hangs on the processing screen when checking my balance. Please optimize.,1,4,2025-04-12,BOA,Google Play,the interface hangs on the processing screen when checking my balance please optimize,True,False,False,Performance & Transfer Delays,0.6705,Positive
gp_rev_boa_10333,user_ethiopia_285,Extremely slow loading times when making instant payments to other banks.,1,21,2024-08-15,BOA,Google Play,extremely slow loading times when making instant payments to other banks,True,False,False,Performance & Transfer Delays,0.0,Neutral
gp_rev_boa_10334,user_ethiopia_395,Smooth transactions. I highly recommend adding a fingerprint scanner feature.,4,18,2025-09-13,BOA,Google Play,smooth transactions i highly recommend adding a fingerprint scanner feature,False,True,False,Mobile App Feature Request,0.4201,Positive
gp_rev_boa_10335,user_ethiopia_458,Extremely slow loading times when making instant payments to other banks.,1,7,2026-02-21,BOA,Google Play,extremely slow loading times when making instant payments to other banks,True,False,False,Performance & Transfer Delays,0.0,Neutral
gp_rev_boa_10336,user_ethiopia_784,"Excellent update, transfers are fast and easy to navigate.",4,2,2025-07-16,BOA,Google Play,excellent update transfers are fast and easy to navigate,True,False,False,General Account Management,0.765,Positive
gp_rev_boa_10337,user_ethiopia_598,Great interface! Please add fingerprint login or biometric support for security.,3,1,2026-04-30,BOA,Google Play,great interface please add fingerprint login or biometric support for security,False,True,True,Mobile App Feature Request,0.8955,Positive
gp_rev_boa_10338,user_ethiopia_312,"I really love using this app, but we need budgeting tools and dark mode features ASAP.",3,3,2024-12-10,BOA,Google Play,i really love using this app but we need budgeting tools and dark mode features asap,False,True,False,Mobile App Feature Request,0.4111,Positive
gp_rev_boa_10339,user_ethiopia_929,The interface hangs on the processing screen when checking my balance. Please optimize.,1,21,2025-10-31,BOA,Google Play,the interface hangs on the processing screen when checking my balance please optimize,True,False,False,Performance & Transfer Delays,0.6705,Positive
gp_rev_boa_10340,user_ethiopia_954,Constant server communication timeout errors. Fix the customer support line.,1,2,2025-03-10,BOA,Google Play,constant server communication timeout errors fix the customer support line,False,False,True,Authentication & Server Bugs,0.0772,Positive
gp_rev_boa_10341,user_ethiopia_620,I keep getting a login error and the application crashes repeatedly on launch.,1,17,2025-04-26,BOA,Google Play,i keep getting a login error and the application crashes repeatedly on launch,False,False,True,Authentication & Server Bugs,-0.4019,Negative
gp_rev_boa_10342,user_ethiopia_122,The app is so slow during transfers. It takes forever to load my account balance.,1,17,2026-02-16,BOA,Google Play,the app is so slow during transfers it takes forever to load my account balance,True,False,False,Performance & Transfer Delays,0.0,Neutral
gp_rev_boa_10343,user_ethiopia_927,Constant server communication timeout errors. Fix the customer support line.,1,1,2025-07-26,BOA,Google Play,constant server communication timeout errors fix the customer support line,False,False,True,Authentication & Server Bugs,0.0772,Positive
gp_rev_boa_10344,user_ethiopia_991,The interface hangs on the processing screen when checking my balance. Please optimize.,1,4,2026-03-28,BOA,Google Play,the interface hangs on the processing screen when checking my balance please optimize,True,False,False,Performance & Transfer Delays,0.6705,Positive
gp_rev_boa_10345,user_ethiopia_567,I keep getting a login error and the application crashes repeatedly on launch.,1,25,2025-10-27,BOA,Google Play,i keep getting a login error and the application crashes repeatedly on launch,False,False,True,Authentication & Server Bugs,-0.4019,Negative
gp_rev_boa_10346,user_ethiopia_599,The app is so slow during transfers. It takes forever to load my account balance.,1,24,2025-06-25,BOA,Google Play,the app is so slow during transfers it takes forever to load my account balance,True,False,False,Performance & Transfer Delays,0.0,Neutral
gp_rev_boa_10347,user_ethiopia_194,I keep getting a login error and the application crashes repeatedly on launch.,1,13,2024-06-18,BOA,Google Play,i keep getting a login error and the application crashes repeatedly on launch,False,False,True,Authentication & Server Bugs,-0.4019,Negative
gp_rev_boa_10348,user_ethiopia_455,Very dependable mobile banking system for daily financial operations.,4,1,2026-04-01,BOA,Google Play,very dependable mobile banking system for daily financial operations,False,False,False,General Account Management,0.0,Neutral
gp_rev_boa_10349,user_ethiopia_260,The system fails to send the OTP code. I cannot access my wallet or complete transactions.,1,22,2024-11-08,BOA,Google Play,the system fails to send the otp code i cannot access my wallet or complete transactions,False,False,True,Authentication & Server Bugs,-0.4215,Negative
gp_rev_boa_10350,user_ethiopia_156,Extremely slow loading times when making instant payments to other banks.,1,15,2025-09-22,BOA,Google Play,extremely slow loading times when making instant payments to other banks,True,False,False,Performance & Transfer Delays,0.0,Neutral
gp_rev_boa_10351,user_ethiopia_165,The app is so slow during transfers. It takes forever to load my account balance.,1,25,2026-01-18,BOA,Google Play,the app is so slow during transfers it takes forever to load my account balance,True,False,False,Performance & Transfer Delays,0.0,Neutral
gp_rev_boa_10352,user_ethiopia_863,Very dependable mobile banking system for daily financial operations.,4,10,2026-04-26,BOA,Google Play,very dependable mobile banking system for daily financial operations,False,False,False,General Account Management,0.0,Neutral
gp_rev_boa_10353,user_ethiopia_468,"I really love using this app, but we need budgeting tools and dark mode features ASAP.",3,14,2026-02-14,BOA,Google Play,i really love using this app but we need budgeting tools and dark mode features asap,False,True,False,Mobile App Feature Request,0.4111,Positive
gp_rev_boa_10354,user_ethiopia_188,"Excellent update, transfers are fast and easy to navigate.",4,11,2026-03-09,BOA,Google Play,excellent update transfers are fast and easy to navigate,True,False,False,General Account Management,0.765,Positive
gp_rev_boa_10355,user_ethiopia_364,The system fails to send the OTP code. I cannot access my wallet or complete transactions.,1,11,2024-10-25,BOA,Google Play,the system fails to send the otp code i cannot access my wallet or complete transactions,False,False,True,Authentication & Server Bugs,-0.4215,Negative
gp_rev_boa_10356,user_ethiopia_195,"I really love using this app, but we need budgeting tools and dark mode features ASAP.",3,21,2025-12-22,BOA,Google Play,i really love using this app but we need budgeting tools and dark mode features asap,False,True,False,Mobile App Feature Request,0.4111,Positive
gp_rev_boa_10357,user_ethiopia_102,The app is so slow during transfers. It takes forever to load my account balance.,1,14,2024-09-24,BOA,Google Play,the app is so slow during transfers it takes forever to load my account balance,True,False,False,Performance & Transfer Delays,0.0,Neutral
gp_rev_boa_10358,user_ethiopia_126,The system fails to send the OTP code. I cannot access my wallet or complete transactions.,1,9,2025-06-12,BOA,Google Play,the system fails to send the otp code i cannot access my wallet or complete transactions,False,False,True,Authentication & Server Bugs,-0.4215,Negative
gp_rev_boa_10359,user_ethiopia_903,Very dependable mobile banking system for daily financial operations.,4,8,2024-11-08,BOA,Google Play,very dependable mobile banking system for daily financial operations,False,False,False,General Account Management,0.0,Neutral
gp_rev_boa_10360,user_ethiopia_963,Extremely slow loading times when making instant payments to other banks.,1,21,2024-11-27,BOA,Google Play,extremely slow loading times when making instant payments to other banks,True,False,False,Performance & Transfer Delays,0.0,Neutral
gp_rev_boa_10361,user_ethiopia_824,The interface hangs on the processing screen when checking my balance. Please optimize.,1,19,2025-08-02,BOA,Google Play,the interface hangs on the processing screen when checking my balance please optimize,True,False,False,Performance & Transfer Delays,0.6705,Positive
gp_rev_boa_10362,user_ethiopia_472,Smooth transactions. I highly recommend adding a fingerprint scanner feature.,4,12,2025-05-13,BOA,Google Play,smooth transactions i highly recommend adding a fingerprint scanner feature,False,True,False,Mobile App Feature Request,0.4201,Positive
gp_rev_boa_10363,user_ethiopia_801,Smooth transactions. I highly recommend adding a fingerprint scanner feature.,4,13,2026-01-14,BOA,Google Play,smooth transactions i highly recommend adding a fingerprint scanner feature,False,True,False,Mobile App Feature Request,0.4201,Positive
gp_rev_boa_10364,user_ethiopia_333,The system fails to send the OTP code. I cannot access my wallet or complete transactions.,1,7,2026-01-03,BOA,Google Play,the system fails to send the otp code i cannot access my wallet or complete transactions,False,False,True,Authentication & Server Bugs,-0.4215,Negative
gp_rev_boa_10365,user_ethiopia_623,Extremely slow loading times when making instant payments to other banks.,1,7,2026-01-24,BOA,Google Play,extremely slow loading times when making instant payments to other banks,True,False,False,Performance & Transfer Delays,0.0,Neutral
gp_rev_boa_10366,user_ethiopia_105,Great interface! Please add fingerprint login or biometric support for security.,3,22,2024-10-12,BOA,Google Play,great interface please add fingerprint login or biometric support for security,False,True,True,Mobile App Feature Request,0.8955,Positive
gp_rev_boa_10367,user_ethiopia_993,"Excellent update, transfers are fast and easy to navigate.",4,7,2025-10-21,BOA,Google Play,excellent update transfers are fast and easy to navigate,True,False,False,General Account Management,0.765,Positive
gp_rev_boa_10368,user_ethiopia_732,"I really love using this app, but we need budgeting tools and dark mode features ASAP.",3,16,2025-05-31,BOA,Google Play,i really love using this app but we need budgeting tools and dark mode features asap,False,True,False,Mobile App Feature Request,0.4111,Positive
gp_rev_boa_10369,user_ethiopia_702,Very dependable mobile banking system for daily financial operations.,4,4,2026-03-20,BOA,Google Play,very dependable mobile banking system for daily financial operations,False,False,False,General Account Management,0.0,Neutral
gp_rev_boa_10370,user_ethiopia_890,Great interface! Please add fingerprint login or biometric support for security.,3,25,2026-04-21,BOA,Google Play,great interface please add fingerprint login or biometric support for security,False,True,True,Mobile App Feature Request,0.8955,Positive
gp_rev_boa_10371,user_ethiopia_583,The app is so slow during transfers. It takes forever to load my account balance.,1,6,2025-10-12,BOA,Google Play,the app is so slow during transfers it takes forever to load my account balance,True,False,False,Performance & Transfer Delays,0.0,Neutral
gp_rev_boa_10372,user_ethiopia_726,I keep getting a login error and the application crashes repeatedly on launch.,1,10,2024-12-22,BOA,Google Play,i keep getting a login error and the application crashes repeatedly on launch,False,False,True,Authentication & Server Bugs,-0.4019,Negative
gp_rev_boa_10373,user_ethiopia_693,Very dependable mobile banking system for daily financial operations.,4,11,2025-03-02,BOA,Google Play,very dependable mobile banking system for daily financial operations,False,False,False,General Account Management,0.0,Neutral
gp_rev_boa_10374,user_ethiopia_593,"I really love using this app, but we need budgeting tools and dark mode features ASAP.",3,13,2025-03-13,BOA,Google Play,i really love using this app but we need budgeting tools and dark mode features asap,False,True,False,Mobile App Feature Request,0.4111,Positive
gp_rev_boa_10375,user_ethiopia_932,The system fails to send the OTP code. I cannot access my wallet or complete transactions.,1,22,2025-04-25,BOA,Google Play,the system fails to send the otp code i cannot access my wallet or complete transactions,False,False,True,Authentication & Server Bugs,-0.4215,Negative
gp_rev_boa_10376,user_ethiopia_899,Very dependable mobile banking system for daily financial operations.,4,10,2024-12-14,BOA,Google Play,very dependable mobile banking system for daily financial operations,False,False,False,General Account Management,0.0,Neutral
gp_rev_boa_10377,user_ethiopia_748,I keep getting a login error and the application crashes repeatedly on launch.,1,16,2025-01-14,BOA,Google Play,i keep getting a login error and the application crashes repeatedly on launch,False,False,True,Authentication & Server Bugs,-0.4019,Negative
gp_rev_boa_10378,user_ethiopia_812,Very dependable mobile banking system for daily financial operations.,4,2,2025-04-24,BOA,Google Play,very dependable mobile banking system for daily financial operations,False,False,False,General Account Management,0.0,Neutral
gp_rev_boa_10379,user_ethiopia_525,Smooth transactions. I highly recommend adding a fingerprint scanner feature.,4,22,2024-06-22,BOA,Google Play,smooth transactions i highly recommend adding a fingerprint scanner feature,False,True,False,Mobile App Feature Request,0.4201,Positive
gp_rev_boa_10380,user_ethiopia_486,The app is so slow during transfers. It takes forever to load my account balance.,1,24,2024-10-15,BOA,Google Play,the app is so slow during transfers it takes forever to load my account balance,True,False,False,Performance & Transfer Delays,0.0,Neutral
gp_rev_boa_10381,user_ethiopia_910,Extremely slow loading times when making instant payments to other banks.,1,19,2025-04-29,BOA,Google Play,extremely slow loading times when making instant payments to other banks,True,False,False,Performance & Transfer Delays,0.0,Neutral
gp_rev_boa_10382,user_ethiopia_956,Great interface! Please add fingerprint login or biometric support for security.,3,11,2025-09-11,BOA,Google Play,great interface please add fingerprint login or biometric support for security,False,True,True,Mobile App Feature Request,0.8955,Positive
gp_rev_boa_10383,user_ethiopia_786,I keep getting a login error and the application crashes repeatedly on launch.,1,10,2026-01-23,BOA,Google Play,i keep getting a login error and the application crashes repeatedly on launch,False,False,True,Authentication & Server Bugs,-0.4019,Negative
gp_rev_boa_10384,user_ethiopia_318,Extremely slow loading times when making instant payments to other banks.,1,7,2026-04-01,BOA,Google Play,extremely slow loading times when making instant payments to other banks,True,False,False,Performance & Transfer Delays,0.0,Neutral
gp_rev_boa_10385,user_ethiopia_622,"I really love using this app, but we need budgeting tools and dark mode features ASAP.",3,14,2024-06-29,BOA,Google Play,i really love using this app but we need budgeting tools and dark mode features asap,False,True,False,Mobile App Feature Request,0.4111,Positive
gp_rev_boa_10386,user_ethiopia_326,Great interface! Please add fingerprint login or biometric support for security.,3,14,2024-11-06,BOA,Google Play,great interface please add fingerprint login or biometric support for security,False,True,True,Mobile App Feature Request,0.8955,Positive
gp_rev_boa_10387,user_ethiopia_200,I keep getting a login error and the application crashes repeatedly on launch.,1,13,2025-02-22,BOA,Google Play,i keep getting a login error and the application crashes repeatedly on launch,False,False,True,Authentication & Server Bugs,-0.4019,Negative
gp_rev_boa_10388,user_ethiopia_717,The system fails to send the OTP code. I cannot access my wallet or complete transactions.,1,8,2025-03-09,BOA,Google Play,the system fails to send the otp code i cannot access my wallet or complete transactions,False,False,True,Authentication & Server Bugs,-0.4215,Negative
gp_rev_boa_10389,user_ethiopia_436,Smooth transactions. I highly recommend adding a fingerprint scanner feature.,4,17,2025-09-25,BOA,Google Play,smooth transactions i highly recommend adding a fingerprint scanner feature,False,True,False,Mobile App Feature Request,0.4201,Positive
gp_rev_boa_10390,user_ethiopia_976,The system fails to send the OTP code. I cannot access my wallet or complete transactions.,1,2,2024-12-28,BOA,Google Play,the system fails to send the otp code i cannot access my wallet or complete transactions,False,False,True,Authentication & Server Bugs,-0.4215,Negative
gp_rev_boa_10391,user_ethiopia_973,Very dependable mobile banking system for daily financial operations.,4,16,2024-11-20,BOA,Google Play,very dependable mobile banking system for daily financial operations,False,False,False,General Account Management,0.0,Neutral
gp_rev_boa_10392,user_ethiopia_638,Great interface! Please add fingerprint login or biometric support for security.,3,21,2026-02-24,BOA,Google Play,great interface please add fingerprint login or biometric support for security,False,True,True,Mobile App Feature Request,0.8955,Positive
gp_rev_boa_10393,user_ethiopia_705,"Excellent update, transfers are fast and easy to navigate.",4,25,2024-07-28,BOA,Google Play,excellent update transfers are fast and easy to navigate,True,False,False,General Account Management,0.765,Positive
gp_rev_boa_10394,user_ethiopia_823,Smooth transactions. I highly recommend adding a fingerprint scanner feature.,4,5,2025-06-14,BOA,Google Play,smooth transactions i highly recommend adding a fingerprint scanner feature,False,True,False,Mobile App Feature Request,0.4201,Positive
gp_rev_boa_10395,user_ethiopia_568,Constant server communication timeout errors. Fix the customer support line.,1,17,2026-03-24,BOA,Google Play,constant server communication timeout errors fix the customer support line,False,False,True,Authentication & Server Bugs,0.0772,Positive
gp_rev_boa_10396,user_ethiopia_589,Great interface! Please add fingerprint login or biometric support for security.,3,20,2025-06-25,BOA,Google Play,great interface please add fingerprint login or biometric support for security,False,True,True,Mobile App Feature Request,0.8955,Positive
gp_rev_boa_10397,user_ethiopia_877,Great interface! Please add fingerprint login or biometric support for security.,3,17,2025-01-12,BOA,Google Play,great interface please add fingerprint login or biometric support for security,False,True,True,Mobile App Feature Request,0.8955,Positive
gp_rev_boa_10398,user_ethiopia_186,I keep getting a login error and the application crashes repeatedly on launch.,1,23,2025-10-29,BOA,Google Play,i keep getting a login error and the application crashes repeatedly on launch,False,False,True,Authentication & Server Bugs,-0.4019,Negative
gp_rev_boa_10399,user_ethiopia_754,Great interface! Please add fingerprint login or biometric support for security.,3,15,2024-09-24,BOA,Google Play,great interface please add fingerprint login or biometric support for security,False,True,True,Mobile App Feature Request,0.8955,Positive
gp_rev_boa_10400,user_ethiopia_371,The interface hangs on the processing screen when checking my balance. Please optimize.,1,6,2025-08-21,BOA,Google Play,the interface hangs on the processing screen when checking my balance please optimize,True,False,False,Performance & Transfer Delays,0.6705,Positive
gp_rev_boa_10401,user_ethiopia_490,Constant server communication timeout errors. Fix the customer support line.,1,5,2025-10-29,BOA,Google Play,constant server communication timeout errors fix the customer support line,False,False,True,Authentication & Server Bugs,0.0772,Positive
gp_rev_boa_10402,user_ethiopia_358,I keep getting a login error and the application crashes repeatedly on launch.,1,23,2025-12-01,BOA,Google Play,i keep getting a login error and the application crashes repeatedly on launch,False,False,True,Authentication & Server Bugs,-0.4019,Negative
gp_rev_boa_10403,user_ethiopia_372,Great interface! Please add fingerprint login or biometric support for security.,3,12,2024-10-09,BOA,Google Play,great interface please add fingerprint login or biometric support for security,False,True,True,Mobile App Feature Request,0.8955,Positive
gp_rev_boa_10404,user_ethiopia_987,The interface hangs on the processing screen when checking my balance. Please optimize.,1,19,2025-02-26,BOA,Google Play,the interface hangs on the processing screen when checking my balance please optimize,True,False,False,Performance & Transfer Delays,0.6705,Positive
gp_rev_boa_10405,user_ethiopia_578,Very dependable mobile banking system for daily financial operations.,4,9,2026-05-15,BOA,Google Play,very dependable mobile banking system for daily financial operations,False,False,False,General Account Management,0.0,Neutral
gp_rev_boa_10406,user_ethiopia_531,"I really love using this app, but we need budgeting tools and dark mode features ASAP.",3,6,2026-02-20,BOA,Google Play,i really love using this app but we need budgeting tools and dark mode features asap,False,True,False,Mobile App Feature Request,0.4111,Positive
gp_rev_boa_10407,user_ethiopia_284,The app is so slow during transfers. It takes forever to load my account balance.,1,18,2024-07-15,BOA,Google Play,the app is so slow during transfers it takes forever to load my account balance,True,False,False,Performance & Transfer Delays,0.0,Neutral
gp_rev_boa_10408,user_ethiopia_477,"I really love using this app, but we need budgeting tools and dark mode features ASAP.",3,10,2024-12-12,BOA,Google Play,i really love using this app but we need budgeting tools and dark mode features asap,False,True,False,Mobile App Feature Request,0.4111,Positive
gp_rev_boa_10409,user_ethiopia_471,Extremely slow loading times when making instant payments to other banks.,1,22,2026-03-26,BOA,Google Play,extremely slow loading times when making instant payments to other banks,True,False,False,Performance & Transfer Delays,0.0,Neutral
gp_rev_boa_10410,user_ethiopia_479,"Excellent update, transfers are fast and easy to navigate.",4,24,2026-02-26,BOA,Google Play,excellent update transfers are fast and easy to navigate,True,False,False,General Account Management,0.765,Positive
gp_rev_boa_10411,user_ethiopia_251,The app is so slow during transfers. It takes forever to load my account balance.,1,18,2024-09-02,BOA,Google Play,the app is so slow during transfers it takes forever to load my account balance,True,False,False,Performance & Transfer Delays,0.0,Neutral
gp_rev_boa_10412,user_ethiopia_470,Very dependable mobile banking system for daily financial operations.,4,5,2025-03-13,BOA,Google Play,very dependable mobile banking system for daily financial operations,False,False,False,General Account Management,0.0,Neutral
gp_rev_boa_10413,user_ethiopia_349,The system fails to send the OTP code. I cannot access my wallet or complete transactions.,1,10,2025-11-07,BOA,Google Play,the system fails to send the otp code i cannot access my wallet or complete transactions,False,False,True,Authentication & Server Bugs,-0.4215,Negative
gp_rev_boa_10414,user_ethiopia_425,"I really love using this app, but we need budgeting tools and dark mode features ASAP.",3,10,2025-03-01,BOA,Google Play,i really love using this app but we need budgeting tools and dark mode features asap,False,True,False,Mobile App Feature Request,0.4111,Positive
gp_rev_boa_10415,user_ethiopia_814,Smooth transactions. I highly recommend adding a fingerprint scanner feature.,4,11,2024-09-28,BOA,Google Play,smooth transactions i highly recommend adding a fingerprint scanner feature,False,True,False,Mobile App Feature Request,0.4201,Positive
gp_rev_boa_10416,user_ethiopia_378,Smooth transactions. I highly recommend adding a fingerprint scanner feature.,4,0,2025-04-23,BOA,Google Play,smooth transactions i highly recommend adding a fingerprint scanner feature,False,True,False,Mobile App Feature Request,0.4201,Positive
gp_rev_boa_10417,user_ethiopia_656,The interface hangs on the processing screen when checking my balance. Please optimize.,1,10,2025-11-27,BOA,Google Play,the interface hangs on the processing screen when checking my balance please optimize,True,False,False,Performance & Transfer Delays,0.6705,Positive
gp_rev_boa_10418,user_ethiopia_793,Very dependable mobile banking system for daily financial operations.,4,22,2025-05-19,BOA,Google Play,very dependable mobile banking system for daily financial operations,False,False,False,General Account Management,0.0,Neutral
gp_rev_boa_10419,user_ethiopia_570,Constant server communication timeout errors. Fix the customer support line.,1,15,2025-09-10,BOA,Google Play,constant server communication timeout errors fix the customer support line,False,False,True,Authentication & Server Bugs,0.0772,Positive
gp_rev_boa_10420,user_ethiopia_465,Very dependable mobile banking system for daily financial operations.,4,18,2025-01-06,BOA,Google Play,very dependable mobile banking system for daily financial operations,False,False,False,General Account Management,0.0,Neutral
gp_rev_boa_10421,user_ethiopia_867,The interface hangs on the processing screen when checking my balance. Please optimize.,1,18,2024-09-23,BOA,Google Play,the interface hangs on the processing screen when checking my balance please optimize,True,False,False,Performance & Transfer Delays,0.6705,Positive
gp_rev_boa_10422,user_ethiopia_220,"Excellent update, transfers are fast and easy to navigate.",4,7,2025-10-22,BOA,Google Play,excellent update transfers are fast and easy to navigate,True,False,False,General Account Management,0.765,Positive
gp_rev_boa_10423,user_ethiopia_119,Very dependable mobile banking system for daily financial operations.,4,6,2024-11-10,BOA,Google Play,very dependable mobile banking system for daily financial operations,False,False,False,General Account Management,0.0,Neutral
gp_rev_boa_10424,user_ethiopia_421,I keep getting a login error and the application crashes repeatedly on launch.,1,22,2024-12-04,BOA,Google Play,i keep getting a login error and the application crashes repeatedly on launch,False,False,True,Authentication & Server Bugs,-0.4019,Negative
gp_rev_boa_10425,user_ethiopia_274,Smooth transactions. I highly recommend adding a fingerprint scanner feature.,4,3,2025-10-03,BOA,Google Play,smooth transactions i highly recommend adding a fingerprint scanner feature,False,True,False,Mobile App Feature Request,0.4201,Positive
gp_rev_boa_10426,user_ethiopia_308,Constant server communication timeout errors. Fix the customer support line.,1,12,2025-10-05,BOA,Google Play,constant server communication timeout errors fix the customer support line,False,False,True,Authentication & Server Bugs,0.0772,Positive
gp_rev_boa_10427,user_ethiopia_259,Smooth transactions. I highly recommend adding a fingerprint scanner feature.,4,21,2026-03-29,BOA,Google Play,smooth transactions i highly recommend adding a fingerprint scanner feature,False,True,False,Mobile App Feature Request,0.4201,Positive
gp_rev_boa_10428,user_ethiopia_592,Very dependable mobile banking system for daily financial operations.,4,7,2025-04-12,BOA,Google Play,very dependable mobile banking system for daily financial operations,False,False,False,General Account Management,0.0,Neutral
gp_rev_boa_10429,user_ethiopia_763,The system fails to send the OTP code. I cannot access my wallet or complete transactions.,1,9,2024-12-08,BOA,Google Play,the system fails to send the otp code i cannot access my wallet or complete transactions,False,False,True,Authentication & Server Bugs,-0.4215,Negative
gp_rev_boa_10430,user_ethiopia_750,"I really love using this app, but we need budgeting tools and dark mode features ASAP.",3,12,2025-07-18,BOA,Google Play,i really love using this app but we need budgeting tools and dark mode features asap,False,True,False,Mobile App Feature Request,0.4111,Positive
gp_rev_boa_10431,user_ethiopia_426,Great interface! Please add fingerprint login or biometric support for security.,3,12,2025-02-16,BOA,Google Play,great interface please add fingerprint login or biometric support for security,False,True,True,Mobile App Feature Request,0.8955,Positive
gp_rev_boa_10432,user_ethiopia_593,I keep getting a login error and the application crashes repeatedly on launch.,1,12,2026-03-02,BOA,Google Play,i keep getting a login error and the application crashes repeatedly on launch,False,False,True,Authentication & Server Bugs,-0.4019,Negative
gp_rev_boa_10433,user_ethiopia_501,"Excellent update, transfers are fast and easy to navigate.",4,10,2024-08-15,BOA,Google Play,excellent update transfers are fast and easy to navigate,True,False,False,General Account Management,0.765,Positive
gp_rev_boa_10434,user_ethiopia_486,Smooth transactions. I highly recommend adding a fingerprint scanner feature.,4,21,2025-09-20,BOA,Google Play,smooth transactions i highly recommend adding a fingerprint scanner feature,False,True,False,Mobile App Feature Request,0.4201,Positive
gp_rev_boa_10435,user_ethiopia_944,I keep getting a login error and the application crashes repeatedly on launch.,1,1,2024-09-22,BOA,Google Play,i keep getting a login error and the application crashes repeatedly on launch,False,False,True,Authentication & Server Bugs,-0.4019,Negative
gp_rev_boa_10436,user_ethiopia_276,I keep getting a login error and the application crashes repeatedly on launch.,1,17,2024-06-20,BOA,Google Play,i keep getting a login error and the application crashes repeatedly on launch,False,False,True,Authentication & Server Bugs,-0.4019,Negative
gp_rev_boa_10437,user_ethiopia_576,I keep getting a login error and the application crashes repeatedly on launch.,1,7,2026-04-04,BOA,Google Play,i keep getting a login error and the application crashes repeatedly on launch,False,False,True,Authentication & Server Bugs,-0.4019,Negative
gp_rev_boa_10438,user_ethiopia_792,Great interface! Please add fingerprint login or biometric support for security.,3,24,2025-08-18,BOA,Google Play,great interface please add fingerprint login or biometric support for security,False,True,True,Mobile App Feature Request,0.8955,Positive
gp_rev_boa_10439,user_ethiopia_584,The system fails to send the OTP code. I cannot access my wallet or complete transactions.,1,4,2024-08-26,BOA,Google Play,the system fails to send the otp code i cannot access my wallet or complete transactions,False,False,True,Authentication & Server Bugs,-0.4215,Negative
gp_rev_boa_10440,user_ethiopia_702,Great interface! Please add fingerprint login or biometric support for security.,3,5,2024-12-17,BOA,Google Play,great interface please add fingerprint login or biometric support for security,False,True,True,Mobile App Feature Request,0.8955,Positive
gp_rev_boa_10441,user_ethiopia_207,Smooth transactions. I highly recommend adding a fingerprint scanner feature.,4,4,2025-10-07,BOA,Google Play,smooth transactions i highly recommend adding a fingerprint scanner feature,False,True,False,Mobile App Feature Request,0.4201,Positive
gp_rev_boa_10442,user_ethiopia_235,Great interface! Please add fingerprint login or biometric support for security.,3,11,2025-08-06,BOA,Google Play,great interface please add fingerprint login or biometric support for security,False,True,True,Mobile App Feature Request,0.8955,Positive
gp_rev_boa_10443,user_ethiopia_907,The app is so slow during transfers. It takes forever to load my account balance.,1,23,2025-10-13,BOA,Google Play,the app is so slow during transfers it takes forever to load my account balance,True,False,False,Performance & Transfer Delays,0.0,Neutral
gp_rev_boa_10444,user_ethiopia_458,Extremely slow loading times when making instant payments to other banks.,1,22,2025-05-29,BOA,Google Play,extremely slow loading times when making instant payments to other banks,True,False,False,Performance & Transfer Delays,0.0,Neutral
gp_rev_boa_10445,user_ethiopia_165,Constant server communication timeout errors. Fix the customer support line.,1,12,2025-10-14,BOA,Google Play,constant server communication timeout errors fix the customer support line,False,False,True,Authentication & Server Bugs,0.0772,Positive
gp_rev_boa_10446,user_ethiopia_218,Very dependable mobile banking system for daily financial operations.,4,19,2025-05-26,BOA,Google Play,very dependable mobile banking system for daily financial operations,False,False,False,General Account Management,0.0,Neutral
gp_rev_boa_10447,user_ethiopia_989,Very dependable mobile banking system for daily financial operations.,4,8,2025-09-10,BOA,Google Play,very dependable mobile banking system for daily financial operations,False,False,False,General Account Management,0.0,Neutral
gp_rev_boa_10448,user_ethiopia_214,Very dependable mobile banking system for daily financial operations.,4,22,2026-05-06,BOA,Google Play,very dependable mobile banking system for daily financial operations,False,False,False,General Account Management,0.0,Neutral
gp_rev_boa_10449,user_ethiopia_873,The system fails to send the OTP code. I cannot access my wallet or complete transactions.,1,25,2026-01-24,BOA,Google Play,the system fails to send the otp code i cannot access my wallet or complete transactions,False,False,True,Authentication & Server Bugs,-0.4215,Negative
gp_rev_boa_10450,user_ethiopia_894,Great interface! Please add fingerprint login or biometric support for security.,3,13,2025-08-17,BOA,Google Play,great interface please add fingerprint login or biometric support for security,False,True,True,Mobile App Feature Request,0.8955,Positive
gp_rev_boa_10451,user_ethiopia_844,The system fails to send the OTP code. I cannot access my wallet or complete transactions.,1,7,2025-03-02,BOA,Google Play,the system fails to send the otp code i cannot access my wallet or complete transactions,False,False,True,Authentication & Server Bugs,-0.4215,Negative
gp_rev_boa_10452,user_ethiopia_114,The system fails to send the OTP code. I cannot access my wallet or complete transactions.,1,16,2025-03-03,BOA,Google Play,the system fails to send the otp code i cannot access my wallet or complete transactions,False,False,True,Authentication & Server Bugs,-0.4215,Negative
gp_rev_boa_10453,user_ethiopia_237,The system fails to send the OTP code. I cannot access my wallet or complete transactions.,1,17,2025-09-04,BOA,Google Play,the system fails to send the otp code i cannot access my wallet or complete transactions,False,False,True,Authentication & Server Bugs,-0.4215,Negative
gp_rev_boa_10454,user_ethiopia_791,"I really love using this app, but we need budgeting tools and dark mode features ASAP.",3,16,2025-01-20,BOA,Google Play,i really love using this app but we need budgeting tools and dark mode features asap,False,True,False,Mobile App Feature Request,0.4111,Positive
gp_rev_boa_10455,user_ethiopia_809,The interface hangs on the processing screen when checking my balance. Please optimize.,1,4,2024-12-03,BOA,Google Play,the interface hangs on the processing screen when checking my balance please optimize,True,False,False,Performance & Transfer Delays,0.6705,Positive
gp_rev_boa_10456,user_ethiopia_765,"I really love using this app, but we need budgeting tools and dark mode features ASAP.",3,25,2025-07-08,BOA,Google Play,i really love using this app but we need budgeting tools and dark mode features asap,False,True,False,Mobile App Feature Request,0.4111,Positive
gp_rev_boa_10457,user_ethiopia_196,Extremely slow loading times when making instant payments to other banks.,1,11,2024-11-02,BOA,Google Play,extremely slow loading times when making instant payments to other banks,True,False,False,Performance & Transfer Delays,0.0,Neutral
gp_rev_boa_10458,user_ethiopia_846,Great interface! Please add fingerprint login or biometric support for security.,3,23,2025-08-17,BOA,Google Play,great interface please add fingerprint login or biometric support for security,False,True,True,Mobile App Feature Request,0.8955,Positive
gp_rev_boa_10459,user_ethiopia_159,Great interface! Please add fingerprint login or biometric support for security.,3,8,2026-03-17,BOA,Google Play,great interface please add fingerprint login or biometric support for security,False,True,True,Mobile App Feature Request,0.8955,Positive
gp_rev_boa_10460,user_ethiopia_693,Great interface! Please add fingerprint login or biometric support for security.,3,18,2025-04-25,BOA,Google Play,great interface please add fingerprint login or biometric support for security,False,True,True,Mobile App Feature Request,0.8955,Positive
gp_rev_boa_10461,user_ethiopia_126,Very dependable mobile banking system for daily financial operations.,4,3,2024-11-20,BOA,Google Play,very dependable mobile banking system for daily financial operations,False,False,False,General Account Management,0.0,Neutral
gp_rev_boa_10462,user_ethiopia_370,I keep getting a login error and the application crashes repeatedly on launch.,1,13,2025-08-01,BOA,Google Play,i keep getting a login error and the application crashes repeatedly on launch,False,False,True,Authentication & Server Bugs,-0.4019,Negative
gp_rev_boa_10463,user_ethiopia_529,"Excellent update, transfers are fast and easy to navigate.",4,9,2025-05-18,BOA,Google Play,excellent update transfers are fast and easy to navigate,True,False,False,General Account Management,0.765,Positive
gp_rev_boa_10464,user_ethiopia_333,Constant server communication timeout errors. Fix the customer support line.,1,16,2024-07-19,BOA,Google Play,constant server communication timeout errors fix the customer support line,False,False,True,Authentication & Server Bugs,0.0772,Positive
gp_rev_boa_10465,user_ethiopia_956,Great interface! Please add fingerprint login or biometric support for security.,3,3,2026-04-04,BOA,Google Play,great interface please add fingerprint login or biometric support for security,False,True,True,Mobile App Feature Request,0.8955,Positive
gp_rev_boa_10466,user_ethiopia_459,"Excellent update, transfers are fast and easy to navigate.",4,12,2026-01-29,BOA,Google Play,excellent update transfers are fast and easy to navigate,True,False,False,General Account Management,0.765,Positive
gp_rev_boa_10467,user_ethiopia_625,The interface hangs on the processing screen when checking my balance. Please optimize.,1,1,2025-01-13,BOA,Google Play,the interface hangs on the processing screen when checking my balance please optimize,True,False,False,Performance & Transfer Delays,0.6705,Positive
gp_rev_boa_10468,user_ethiopia_171,I keep getting a login error and the application crashes repeatedly on launch.,1,7,2024-08-05,BOA,Google Play,i keep getting a login error and the application crashes repeatedly on launch,False,False,True,Authentication & Server Bugs,-0.4019,Negative
gp_rev_boa_10469,user_ethiopia_434,The app is so slow during transfers. It takes forever to load my account balance.,1,8,2025-07-09,BOA,Google Play,the app is so slow during transfers it takes forever to load my account balance,True,False,False,Performance & Transfer Delays,0.0,Neutral
gp_rev_boa_10470,user_ethiopia_270,The app is so slow during transfers. It takes forever to load my account balance.,1,3,2025-10-21,BOA,Google Play,the app is so slow during transfers it takes forever to load my account balance,True,False,False,Performance & Transfer Delays,0.0,Neutral
gp_rev_boa_10471,user_ethiopia_261,"Excellent update, transfers are fast and easy to navigate.",4,13,2024-12-04,BOA,Google Play,excellent update transfers are fast and easy to navigate,True,False,False,General Account Management,0.765,Positive
gp_rev_boa_10472,user_ethiopia_538,I keep getting a login error and the application crashes repeatedly on launch.,1,13,2026-02-25,BOA,Google Play,i keep getting a login error and the application crashes repeatedly on launch,False,False,True,Authentication & Server Bugs,-0.4019,Negative
gp_rev_boa_10473,user_ethiopia_251,The interface hangs on the processing screen when checking my balance. Please optimize.,1,23,2024-09-23,BOA,Google Play,the interface hangs on the processing screen when checking my balance please optimize,True,False,False,Performance & Transfer Delays,0.6705,Positive
gp_rev_boa_10474,user_ethiopia_636,Very dependable mobile banking system for daily financial operations.,4,14,2026-01-22,BOA,Google Play,very dependable mobile banking system for daily financial operations,False,False,False,General Account Management,0.0,Neutral
gp_rev_boa_10475,user_ethiopia_145,The system fails to send the OTP code. I cannot access my wallet or complete transactions.,1,12,2025-12-29,BOA,Google Play,the system fails to send the otp code i cannot access my wallet or complete transactions,False,False,True,Authentication & Server Bugs,-0.4215,Negative
gp_rev_boa_10476,user_ethiopia_474,"Excellent update, transfers are fast and easy to navigate.",4,9,2025-05-30,BOA,Google Play,excellent update transfers are fast and easy to navigate,True,False,False,General Account Management,0.765,Positive
gp_rev_boa_10477,user_ethiopia_572,Constant server communication timeout errors. Fix the customer support line.,1,20,2026-05-09,BOA,Google Play,constant server communication timeout errors fix the customer support line,False,False,True,Authentication & Server Bugs,0.0772,Positive
gp_rev_boa_10478,user_ethiopia_575,"Excellent update, transfers are fast and easy to navigate.",4,6,2024-09-25,BOA,Google Play,excellent update transfers are fast and easy to navigate,True,False,False,General Account Management,0.765,Positive
gp_rev_boa_10479,user_ethiopia_864,The system fails to send the OTP code. I cannot access my wallet or complete transactions.,1,9,2026-03-05,BOA,Google Play,the system fails to send the otp code i cannot access my wallet or complete transactions,False,False,True,Authentication & Server Bugs,-0.4215,Negative
gp_rev_boa_10480,user_ethiopia_680,I keep getting a login error and the application crashes repeatedly on launch.,1,23,2026-03-01,BOA,Google Play,i keep getting a login error and the application crashes repeatedly on launch,False,False,True,Authentication & Server Bugs,-0.4019,Negative
gp_rev_boa_10481,user_ethiopia_480,"I really love using this app, but we need budgeting tools and dark mode features ASAP.",3,20,2024-08-29,BOA,Google Play,i really love using this app but we need budgeting tools and dark mode features asap,False,True,False,Mobile App Feature Request,0.4111,Positive
gp_rev_boa_10482,user_ethiopia_639,Extremely slow loading times when making instant payments to other banks.,1,15,2025-08-04,BOA,Google Play,extremely slow loading times when making instant payments to other banks,True,False,False,Performance & Transfer Delays,0.0,Neutral
gp_rev_boa_10483,user_ethiopia_173,"Excellent update, transfers are fast and easy to navigate.",4,16,2025-12-17,BOA,Google Play,excellent update transfers are fast and easy to navigate,True,False,False,General Account Management,0.765,Positive
gp_rev_boa_10484,user_ethiopia_959,Smooth transactions. I highly recommend adding a fingerprint scanner feature.,4,11,2024-06-29,BOA,Google Play,smooth transactions i highly recommend adding a fingerprint scanner feature,False,True,False,Mobile App Feature Request,0.4201,Positive
gp_rev_boa_10485,user_ethiopia_901,Great interface! Please add fingerprint login or biometric support for security.,3,19,2024-08-25,BOA,Google Play,great interface please add fingerprint login or biometric support for security,False,True,True,Mobile App Feature Request,0.8955,Positive
gp_rev_boa_10486,user_ethiopia_145,Extremely slow loading times when making instant payments to other banks.,1,22,2024-11-25,BOA,Google Play,extremely slow loading times when making instant payments to other banks,True,False,False,Performance & Transfer Delays,0.0,Neutral
gp_rev_boa_10487,user_ethiopia_288,The interface hangs on the processing screen when checking my balance. Please optimize.,1,7,2025-08-12,BOA,Google Play,the interface hangs on the processing screen when checking my balance please optimize,True,False,False,Performance & Transfer Delays,0.6705,Positive
gp_rev_boa_10488,user_ethiopia_638,Constant server communication timeout errors. Fix the customer support line.,1,20,2025-10-21,BOA,Google Play,constant server communication timeout errors fix the customer support line,False,False,True,Authentication & Server Bugs,0.0772,Positive
gp_rev_boa_10489,user_ethiopia_401,The system fails to send the OTP code. I cannot access my wallet or complete transactions.,1,11,2025-10-18,BOA,Google Play,the system fails to send the otp code i cannot access my wallet or complete transactions,False,False,True,Authentication & Server Bugs,-0.4215,Negative
gp_rev_boa_10490,user_ethiopia_281,I keep getting a login error and the application crashes repeatedly on launch.,1,3,2024-08-30,BOA,Google Play,i keep getting a login error and the application crashes repeatedly on launch,False,False,True,Authentication & Server Bugs,-0.4019,Negative
gp_rev_boa_10491,user_ethiopia_862,"I really love using this app, but we need budgeting tools and dark mode features ASAP.",3,3,2024-09-19,BOA,Google Play,i really love using this app but we need budgeting tools and dark mode features asap,False,True,False,Mobile App Feature Request,0.4111,Positive
gp_rev_boa_10492,user_ethiopia_749,The interface hangs on the processing screen when checking my balance. Please optimize.,1,5,2025-07-17,BOA,Google Play,the interface hangs on the processing screen when checking my balance please optimize,True,False,False,Performance & Transfer Delays,0.6705,Positive
gp_rev_boa_10493,user_ethiopia_817,I keep getting a login error and the application crashes repeatedly on launch.,1,20,2026-01-27,BOA,Google Play,i keep getting a login error and the application crashes repeatedly on launch,False,False,True,Authentication & Server Bugs,-0.4019,Negative
gp_rev_boa_10494,user_ethiopia_898,Constant server communication timeout errors. Fix the customer support line.,1,12,2026-02-18,BOA,Google Play,constant server communication timeout errors fix the customer support line,False,False,True,Authentication & Server Bugs,0.0772,Positive
gp_rev_boa_10495,user_ethiopia_967,"Excellent update, transfers are fast and easy to navigate.",4,10,2024-11-16,BOA,Google Play,excellent update transfers are fast and easy to navigate,True,False,False,General Account Management,0.765,Positive
gp_rev_boa_10496,user_ethiopia_866,"Excellent update, transfers are fast and easy to navigate.",4,16,2026-05-05,BOA,Google Play,excellent update transfers are fast and easy to navigate,True,False,False,General Account Management,0.765,Positive
gp_rev_boa_10497,user_ethiopia_334,"Excellent update, transfers are fast and easy to navigate.",4,3,2025-12-27,BOA,Google Play,excellent update transfers are fast and easy to navigate,True,False,False,General Account Management,0.765,Positive
gp_rev_boa_10498,user_ethiopia_841,Very dependable mobile banking system for daily financial operations.,4,16,2026-03-19,BOA,Google Play,very dependable mobile banking system for daily financial operations,False,False,False,General Account Management,0.0,Neutral
gp_rev_boa_10499,user_ethiopia_895,"Excellent update, transfers are fast and easy to navigate.",4,3,2026-01-22,BOA,Google Play,excellent update transfers are fast and easy to navigate,True,False,False,General Account Management,0.765,Positive
gp_rev_cbe_10000,user_ethiopia_324,I keep getting a login error and the application crashes repeatedly on launch.,1,9,2024-11-28,CBE,Google Play,i keep getting a login error and the application crashes repeatedly on launch,False,False,True,Authentication & Server Bugs,-0.4019,Negative
gp_rev_cbe_10001,user_ethiopia_242,Constant server communication timeout errors. Fix the customer support line.,1,4,2025-06-22,CBE,Google Play,constant server communication timeout errors fix the customer support line,False,False,True,Authentication & Server Bugs,0.0772,Positive
gp_rev_cbe_10002,user_ethiopia_408,Extremely slow loading times when making instant payments to other banks.,1,21,2025-09-07,CBE,Google Play,extremely slow loading times when making instant payments to other banks,True,False,False,Performance & Transfer Delays,0.0,Neutral
gp_rev_cbe_10003,user_ethiopia_169,The interface hangs on the processing screen when checking my balance. Please optimize.,2,21,2025-11-11,CBE,Google Play,the interface hangs on the processing screen when checking my balance please optimize,True,False,False,Performance & Transfer Delays,0.6705,Positive
gp_rev_cbe_10004,user_ethiopia_433,Extremely slow loading times when making instant payments to other banks.,1,4,2024-12-26,CBE,Google Play,extremely slow loading times when making instant payments to other banks,True,False,False,Performance & Transfer Delays,0.0,Neutral
gp_rev_cbe_10005,user_ethiopia_549,"Excellent update, transfers are fast and easy to navigate.",5,23,2024-09-23,CBE,Google Play,excellent update transfers are fast and easy to navigate,True,False,False,General Account Management,0.765,Positive
gp_rev_cbe_10006,user_ethiopia_819,Smooth transactions. I highly recommend adding a fingerprint scanner feature.,5,7,2025-02-07,CBE,Google Play,smooth transactions i highly recommend adding a fingerprint scanner feature,False,True,False,Mobile App Feature Request,0.4201,Positive
gp_rev_cbe_10007,user_ethiopia_217,Extremely slow loading times when making instant payments to other banks.,1,2,2025-01-01,CBE,Google Play,extremely slow loading times when making instant payments to other banks,True,False,False,Performance & Transfer Delays,0.0,Neutral
gp_rev_cbe_10008,user_ethiopia_160,The system fails to send the OTP code. I cannot access my wallet or complete transactions.,1,15,2025-06-05,CBE,Google Play,the system fails to send the otp code i cannot access my wallet or complete transactions,False,False,True,Authentication & Server Bugs,-0.4215,Negative
gp_rev_cbe_10009,user_ethiopia_719,The interface hangs on the processing screen when checking my balance. Please optimize.,2,19,2025-05-05,CBE,Google Play,the interface hangs on the processing screen when checking my balance please optimize,True,False,False,Performance & Transfer Delays,0.6705,Positive
gp_rev_cbe_10010,user_ethiopia_324,Extremely slow loading times when making instant payments to other banks.,1,10,2024-07-17,CBE,Google Play,extremely slow loading times when making instant payments to other banks,True,False,False,Performance & Transfer Delays,0.0,Neutral
gp_rev_cbe_10011,user_ethiopia_854,The system fails to send the OTP code. I cannot access my wallet or complete transactions.,1,0,2025-07-30,CBE,Google Play,the system fails to send the otp code i cannot access my wallet or complete transactions,False,False,True,Authentication & Server Bugs,-0.4215,Negative
gp_rev_cbe_10012,user_ethiopia_364,Great interface! Please add fingerprint login or biometric support for security.,4,15,2025-05-13,CBE,Google Play,great interface please add fingerprint login or biometric support for security,False,True,True,Mobile App Feature Request,0.8955,Positive
gp_rev_cbe_10013,user_ethiopia_944,Great interface! Please add fingerprint login or biometric support for security.,4,11,2024-10-12,CBE,Google Play,great interface please add fingerprint login or biometric support for security,False,True,True,Mobile App Feature Request,0.8955,Positive
gp_rev_cbe_10014,user_ethiopia_343,The system fails to send the OTP code. I cannot access my wallet or complete transactions.,1,25,2025-11-30,CBE,Google Play,the system fails to send the otp code i cannot access my wallet or complete transactions,False,False,True,Authentication & Server Bugs,-0.4215,Negative
gp_rev_cbe_10015,user_ethiopia_661,The app is so slow during transfers. It takes forever to load my account balance.,2,4,2025-01-22,CBE,Google Play,the app is so slow during transfers it takes forever to load my account balance,True,False,False,Performance & Transfer Delays,0.0,Neutral
gp_rev_cbe_10016,user_ethiopia_922,The system fails to send the OTP code. I cannot access my wallet or complete transactions.,1,3,2025-03-13,CBE,Google Play,the system fails to send the otp code i cannot access my wallet or complete transactions,False,False,True,Authentication & Server Bugs,-0.4215,Negative
gp_rev_cbe_10017,user_ethiopia_904,Smooth transactions. I highly recommend adding a fingerprint scanner feature.,5,16,2026-02-02,CBE,Google Play,smooth transactions i highly recommend adding a fingerprint scanner feature,False,True,False,Mobile App Feature Request,0.4201,Positive
gp_rev_cbe_10018,user_ethiopia_111,Constant server communication timeout errors. Fix the customer support line.,1,24,2025-08-09,CBE,Google Play,constant server communication timeout errors fix the customer support line,False,False,True,Authentication & Server Bugs,0.0772,Positive
gp_rev_cbe_10019,user_ethiopia_265,"I really love using this app, but we need budgeting tools and dark mode features ASAP.",4,3,2025-03-12,CBE,Google Play,i really love using this app but we need budgeting tools and dark mode features asap,False,True,False,Mobile App Feature Request,0.4111,Positive
gp_rev_cbe_10020,user_ethiopia_182,The interface hangs on the processing screen when checking my balance. Please optimize.,2,14,2025-02-19,CBE,Google Play,the interface hangs on the processing screen when checking my balance please optimize,True,False,False,Performance & Transfer Delays,0.6705,Positive
gp_rev_cbe_10021,user_ethiopia_660,The app is so slow during transfers. It takes forever to load my account balance.,2,19,2026-04-02,CBE,Google Play,the app is so slow during transfers it takes forever to load my account balance,True,False,False,Performance & Transfer Delays,0.0,Neutral
gp_rev_cbe_10022,user_ethiopia_132,"I really love using this app, but we need budgeting tools and dark mode features ASAP.",4,11,2024-06-18,CBE,Google Play,i really love using this app but we need budgeting tools and dark mode features asap,False,True,False,Mobile App Feature Request,0.4111,Positive
gp_rev_cbe_10023,user_ethiopia_205,"Excellent update, transfers are fast and easy to navigate.",5,24,2025-12-26,CBE,Google Play,excellent update transfers are fast and easy to navigate,True,False,False,General Account Management,0.765,Positive
gp_rev_cbe_10024,user_ethiopia_885,"Excellent update, transfers are fast and easy to navigate.",5,10,2025-04-01,CBE,Google Play,excellent update transfers are fast and easy to navigate,True,False,False,General Account Management,0.765,Positive
gp_rev_cbe_10025,user_ethiopia_817,"I really love using this app, but we need budgeting tools and dark mode features ASAP.",4,17,2026-04-26,CBE,Google Play,i really love using this app but we need budgeting tools and dark mode features asap,False,True,False,Mobile App Feature Request,0.4111,Positive
gp_rev_cbe_10026,user_ethiopia_162,I keep getting a login error and the application crashes repeatedly on launch.,1,7,2024-09-18,CBE,Google Play,i keep getting a login error and the application crashes repeatedly on launch,False,False,True,Authentication & Server Bugs,-0.4019,Negative
gp_rev_cbe_10027,user_ethiopia_420,"Excellent update, transfers are fast and easy to navigate.",5,25,2024-08-17,CBE,Google Play,excellent update transfers are fast and easy to navigate,True,False,False,General Account Management,0.765,Positive
gp_rev_cbe_10028,user_ethiopia_651,Extremely slow loading times when making instant payments to other banks.,1,4,2024-07-09,CBE,Google Play,extremely slow loading times when making instant payments to other banks,True,False,False,Performance & Transfer Delays,0.0,Neutral
gp_rev_cbe_10029,user_ethiopia_673,Very dependable mobile banking system for daily financial operations.,5,24,2025-07-28,CBE,Google Play,very dependable mobile banking system for daily financial operations,False,False,False,General Account Management,0.0,Neutral
gp_rev_cbe_10030,user_ethiopia_331,Constant server communication timeout errors. Fix the customer support line.,1,7,2025-12-01,CBE,Google Play,constant server communication timeout errors fix the customer support line,False,False,True,Authentication & Server Bugs,0.0772,Positive
gp_rev_cbe_10031,user_ethiopia_924,The system fails to send the OTP code. I cannot access my wallet or complete transactions.,1,15,2025-06-09,CBE,Google Play,the system fails to send the otp code i cannot access my wallet or complete transactions,False,False,True,Authentication & Server Bugs,-0.4215,Negative
gp_rev_cbe_10032,user_ethiopia_939,Smooth transactions. I highly recommend adding a fingerprint scanner feature.,5,3,2024-09-05,CBE,Google Play,smooth transactions i highly recommend adding a fingerprint scanner feature,False,True,False,Mobile App Feature Request,0.4201,Positive
gp_rev_cbe_10033,user_ethiopia_546,Great interface! Please add fingerprint login or biometric support for security.,4,20,2025-05-23,CBE,Google Play,great interface please add fingerprint login or biometric support for security,False,True,True,Mobile App Feature Request,0.8955,Positive
gp_rev_cbe_10034,user_ethiopia_896,The app is so slow during transfers. It takes forever to load my account balance.,2,2,2024-11-16,CBE,Google Play,the app is so slow during transfers it takes forever to load my account balance,True,False,False,Performance & Transfer Delays,0.0,Neutral
gp_rev_cbe_10035,user_ethiopia_363,Smooth transactions. I highly recommend adding a fingerprint scanner feature.,5,7,2025-06-16,CBE,Google Play,smooth transactions i highly recommend adding a fingerprint scanner feature,False,True,False,Mobile App Feature Request,0.4201,Positive
gp_rev_cbe_10036,user_ethiopia_797,"Excellent update, transfers are fast and easy to navigate.",5,23,2025-02-05,CBE,Google Play,excellent update transfers are fast and easy to navigate,True,False,False,General Account Management,0.765,Positive
gp_rev_cbe_10037,user_ethiopia_325,"I really love using this app, but we need budgeting tools and dark mode features ASAP.",4,23,2026-03-05,CBE,Google Play,i really love using this app but we need budgeting tools and dark mode features asap,False,True,False,Mobile App Feature Request,0.4111,Positive
gp_rev_cbe_10038,user_ethiopia_646,Smooth transactions. I highly recommend adding a fingerprint scanner feature.,5,16,2025-08-15,CBE,Google Play,smooth transactions i highly recommend adding a fingerprint scanner feature,False,True,False,Mobile App Feature Request,0.4201,Positive
gp_rev_cbe_10039,user_ethiopia_488,"I really love using this app, but we need budgeting tools and dark mode features ASAP.",4,5,2025-03-17,CBE,Google Play,i really love using this app but we need budgeting tools and dark mode features asap,False,True,False,Mobile App Feature Request,0.4111,Positive
gp_rev_cbe_10040,user_ethiopia_486,The interface hangs on the processing screen when checking my balance. Please optimize.,2,15,2024-07-25,CBE,Google Play,the interface hangs on the processing screen when checking my balance please optimize,True,False,False,Performance & Transfer Delays,0.6705,Positive
gp_rev_cbe_10041,user_ethiopia_600,Very dependable mobile banking system for daily financial operations.,5,2,2024-10-29,CBE,Google Play,very dependable mobile banking system for daily financial operations,False,False,False,General Account Management,0.0,Neutral
gp_rev_cbe_10042,user_ethiopia_493,Extremely slow loading times when making instant payments to other banks.,1,13,2025-07-27,CBE,Google Play,extremely slow loading times when making instant payments to other banks,True,False,False,Performance & Transfer Delays,0.0,Neutral
gp_rev_cbe_10043,user_ethiopia_981,"Excellent update, transfers are fast and easy to navigate.",5,14,2024-09-02,CBE,Google Play,excellent update transfers are fast and easy to navigate,True,False,False,General Account Management,0.765,Positive
gp_rev_cbe_10044,user_ethiopia_699,Smooth transactions. I highly recommend adding a fingerprint scanner feature.,5,7,2025-09-01,CBE,Google Play,smooth transactions i highly recommend adding a fingerprint scanner feature,False,True,False,Mobile App Feature Request,0.4201,Positive
gp_rev_cbe_10045,user_ethiopia_187,Constant server communication timeout errors. Fix the customer support line.,1,19,2026-03-29,CBE,Google Play,constant server communication timeout errors fix the customer support line,False,False,True,Authentication & Server Bugs,0.0772,Positive
gp_rev_cbe_10046,user_ethiopia_728,Very dependable mobile banking system for daily financial operations.,5,19,2024-12-11,CBE,Google Play,very dependable mobile banking system for daily financial operations,False,False,False,General Account Management,0.0,Neutral
gp_rev_cbe_10047,user_ethiopia_794,I keep getting a login error and the application crashes repeatedly on launch.,1,0,2026-01-20,CBE,Google Play,i keep getting a login error and the application crashes repeatedly on launch,False,False,True,Authentication & Server Bugs,-0.4019,Negative
gp_rev_cbe_10048,user_ethiopia_458,Constant server communication timeout errors. Fix the customer support line.,1,2,2025-05-15,CBE,Google Play,constant server communication timeout errors fix the customer support line,False,False,True,Authentication & Server Bugs,0.0772,Positive
gp_rev_cbe_10049,user_ethiopia_358,The interface hangs on the processing screen when checking my balance. Please optimize.,2,14,2024-09-17,CBE,Google Play,the interface hangs on the processing screen when checking my balance please optimize,True,False,False,Performance & Transfer Delays,0.6705,Positive
gp_rev_cbe_10050,user_ethiopia_509,The interface hangs on the processing screen when checking my balance. Please optimize.,2,6,2025-03-14,CBE,Google Play,the interface hangs on the processing screen when checking my balance please optimize,True,False,False,Performance & Transfer Delays,0.6705,Positive
gp_rev_cbe_10051,user_ethiopia_642,I keep getting a login error and the application crashes repeatedly on launch.,1,21,2024-09-07,CBE,Google Play,i keep getting a login error and the application crashes repeatedly on launch,False,False,True,Authentication & Server Bugs,-0.4019,Negative
gp_rev_cbe_10052,user_ethiopia_398,Very dependable mobile banking system for daily financial operations.,5,20,2024-11-04,CBE,Google Play,very dependable mobile banking system for daily financial operations,False,False,False,General Account Management,0.0,Neutral
gp_rev_cbe_10053,user_ethiopia_292,The interface hangs on the processing screen when checking my balance. Please optimize.,2,9,2025-02-25,CBE,Google Play,the interface hangs on the processing screen when checking my balance please optimize,True,False,False,Performance & Transfer Delays,0.6705,Positive
gp_rev_cbe_10054,user_ethiopia_100,"Excellent update, transfers are fast and easy to navigate.",5,6,2024-06-16,CBE,Google Play,excellent update transfers are fast and easy to navigate,True,False,False,General Account Management,0.765,Positive
gp_rev_cbe_10055,user_ethiopia_229,"I really love using this app, but we need budgeting tools and dark mode features ASAP.",4,4,2025-11-01,CBE,Google Play,i really love using this app but we need budgeting tools and dark mode features asap,False,True,False,Mobile App Feature Request,0.4111,Positive
gp_rev_cbe_10056,user_ethiopia_828,Very dependable mobile banking system for daily financial operations.,5,22,2025-08-25,CBE,Google Play,very dependable mobile banking system for daily financial operations,False,False,False,General Account Management,0.0,Neutral
gp_rev_cbe_10057,user_ethiopia_504,Great interface! Please add fingerprint login or biometric support for security.,4,1,2025-06-29,CBE,Google Play,great interface please add fingerprint login or biometric support for security,False,True,True,Mobile App Feature Request,0.8955,Positive
gp_rev_cbe_10058,user_ethiopia_313,"I really love using this app, but we need budgeting tools and dark mode features ASAP.",4,22,2026-01-03,CBE,Google Play,i really love using this app but we need budgeting tools and dark mode features asap,False,True,False,Mobile App Feature Request,0.4111,Positive
gp_rev_cbe_10059,user_ethiopia_736,Very dependable mobile banking system for daily financial operations.,5,21,2025-05-13,CBE,Google Play,very dependable mobile banking system for daily financial operations,False,False,False,General Account Management,0.0,Neutral
gp_rev_cbe_10060,user_ethiopia_680,The system fails to send the OTP code. I cannot access my wallet or complete transactions.,1,10,2025-07-21,CBE,Google Play,the system fails to send the otp code i cannot access my wallet or complete transactions,False,False,True,Authentication & Server Bugs,-0.4215,Negative
gp_rev_cbe_10061,user_ethiopia_238,The interface hangs on the processing screen when checking my balance. Please optimize.,2,14,2025-07-19,CBE,Google Play,the interface hangs on the processing screen when checking my balance please optimize,True,False,False,Performance & Transfer Delays,0.6705,Positive
gp_rev_cbe_10062,user_ethiopia_511,Extremely slow loading times when making instant payments to other banks.,1,5,2024-08-08,CBE,Google Play,extremely slow loading times when making instant payments to other banks,True,False,False,Performance & Transfer Delays,0.0,Neutral
gp_rev_cbe_10063,user_ethiopia_138,The app is so slow during transfers. It takes forever to load my account balance.,2,18,2025-07-20,CBE,Google Play,the app is so slow during transfers it takes forever to load my account balance,True,False,False,Performance & Transfer Delays,0.0,Neutral
gp_rev_cbe_10064,user_ethiopia_301,"I really love using this app, but we need budgeting tools and dark mode features ASAP.",4,5,2026-02-20,CBE,Google Play,i really love using this app but we need budgeting tools and dark mode features asap,False,True,False,Mobile App Feature Request,0.4111,Positive
gp_rev_cbe_10065,user_ethiopia_664,"Excellent update, transfers are fast and easy to navigate.",5,24,2025-10-10,CBE,Google Play,excellent update transfers are fast and easy to navigate,True,False,False,General Account Management,0.765,Positive
gp_rev_cbe_10066,user_ethiopia_697,The interface hangs on the processing screen when checking my balance. Please optimize.,2,6,2024-10-25,CBE,Google Play,the interface hangs on the processing screen when checking my balance please optimize,True,False,False,Performance & Transfer Delays,0.6705,Positive
gp_rev_cbe_10067,user_ethiopia_117,Extremely slow loading times when making instant payments to other banks.,1,1,2024-07-11,CBE,Google Play,extremely slow loading times when making instant payments to other banks,True,False,False,Performance & Transfer Delays,0.0,Neutral
gp_rev_cbe_10068,user_ethiopia_821,"I really love using this app, but we need budgeting tools and dark mode features ASAP.",4,14,2025-07-07,CBE,Google Play,i really love using this app but we need budgeting tools and dark mode features asap,False,True,False,Mobile App Feature Request,0.4111,Positive
gp_rev_cbe_10069,user_ethiopia_371,Very dependable mobile banking system for daily financial operations.,5,14,2024-10-05,CBE,Google Play,very dependable mobile banking system for daily financial operations,False,False,False,General Account Management,0.0,Neutral
gp_rev_cbe_10070,user_ethiopia_760,"I really love using this app, but we need budgeting tools and dark mode features ASAP.",4,19,2025-06-03,CBE,Google Play,i really love using this app but we need budgeting tools and dark mode features asap,False,True,False,Mobile App Feature Request,0.4111,Positive
gp_rev_cbe_10071,user_ethiopia_530,The system fails to send the OTP code. I cannot access my wallet or complete transactions.,1,18,2024-12-24,CBE,Google Play,the system fails to send the otp code i cannot access my wallet or complete transactions,False,False,True,Authentication & Server Bugs,-0.4215,Negative
gp_rev_cbe_10072,user_ethiopia_743,Very dependable mobile banking system for daily financial operations.,5,22,2026-01-29,CBE,Google Play,very dependable mobile banking system for daily financial operations,False,False,False,General Account Management,0.0,Neutral
gp_rev_cbe_10073,user_ethiopia_834,Extremely slow loading times when making instant payments to other banks.,1,22,2024-09-05,CBE,Google Play,extremely slow loading times when making instant payments to other banks,True,False,False,Performance & Transfer Delays,0.0,Neutral
gp_rev_cbe_10074,user_ethiopia_137,"I really love using this app, but we need budgeting tools and dark mode features ASAP.",4,3,2025-05-06,CBE,Google Play,i really love using this app but we need budgeting tools and dark mode features asap,False,True,False,Mobile App Feature Request,0.4111,Positive
gp_rev_cbe_10075,user_ethiopia_424,"Excellent update, transfers are fast and easy to navigate.",5,6,2025-12-25,CBE,Google Play,excellent update transfers are fast and easy to navigate,True,False,False,General Account Management,0.765,Positive
gp_rev_cbe_10076,user_ethiopia_929,Extremely slow loading times when making instant payments to other banks.,1,18,2025-12-05,CBE,Google Play,extremely slow loading times when making instant payments to other banks,True,False,False,Performance & Transfer Delays,0.0,Neutral
gp_rev_cbe_10077,user_ethiopia_760,I keep getting a login error and the application crashes repeatedly on launch.,1,9,2024-09-03,CBE,Google Play,i keep getting a login error and the application crashes repeatedly on launch,False,False,True,Authentication & Server Bugs,-0.4019,Negative
gp_rev_cbe_10078,user_ethiopia_669,Extremely slow loading times when making instant payments to other banks.,1,24,2025-02-02,CBE,Google Play,extremely slow loading times when making instant payments to other banks,True,False,False,Performance & Transfer Delays,0.0,Neutral
gp_rev_cbe_10079,user_ethiopia_720,The system fails to send the OTP code. I cannot access my wallet or complete transactions.,1,3,2026-04-18,CBE,Google Play,the system fails to send the otp code i cannot access my wallet or complete transactions,False,False,True,Authentication & Server Bugs,-0.4215,Negative
gp_rev_cbe_10080,user_ethiopia_587,The system fails to send the OTP code. I cannot access my wallet or complete transactions.,1,15,2025-05-22,CBE,Google Play,the system fails to send the otp code i cannot access my wallet or complete transactions,False,False,True,Authentication & Server Bugs,-0.4215,Negative
gp_rev_cbe_10081,user_ethiopia_724,"Excellent update, transfers are fast and easy to navigate.",5,14,2024-10-09,CBE,Google Play,excellent update transfers are fast and easy to navigate,True,False,False,General Account Management,0.765,Positive
gp_rev_cbe_10082,user_ethiopia_395,"I really love using this app, but we need budgeting tools and dark mode features ASAP.",4,5,2025-08-21,CBE,Google Play,i really love using this app but we need budgeting tools and dark mode features asap,False,True,False,Mobile App Feature Request,0.4111,Positive
gp_rev_cbe_10083,user_ethiopia_591,Very dependable mobile banking system for daily financial operations.,5,4,2025-04-11,CBE,Google Play,very dependable mobile banking system for daily financial operations,False,False,False,General Account Management,0.0,Neutral
gp_rev_cbe_10084,user_ethiopia_360,The interface hangs on the processing screen when checking my balance. Please optimize.,2,6,2025-04-16,CBE,Google Play,the interface hangs on the processing screen when checking my balance please optimize,True,False,False,Performance & Transfer Delays,0.6705,Positive
gp_rev_cbe_10085,user_ethiopia_663,The system fails to send the OTP code. I cannot access my wallet or complete transactions.,1,2,2024-11-02,CBE,Google Play,the system fails to send the otp code i cannot access my wallet or complete transactions,False,False,True,Authentication & Server Bugs,-0.4215,Negative
gp_rev_cbe_10086,user_ethiopia_160,"Excellent update, transfers are fast and easy to navigate.",5,0,2025-07-21,CBE,Google Play,excellent update transfers are fast and easy to navigate,True,False,False,General Account Management,0.765,Positive
gp_rev_cbe_10087,user_ethiopia_282,Smooth transactions. I highly recommend adding a fingerprint scanner feature.,5,0,2025-07-28,CBE,Google Play,smooth transactions i highly recommend adding a fingerprint scanner feature,False,True,False,Mobile App Feature Request,0.4201,Positive
gp_rev_cbe_10088,user_ethiopia_832,Smooth transactions. I highly recommend adding a fingerprint scanner feature.,5,7,2024-10-01,CBE,Google Play,smooth transactions i highly recommend adding a fingerprint scanner feature,False,True,False,Mobile App Feature Request,0.4201,Positive
gp_rev_cbe_10089,user_ethiopia_429,Great interface! Please add fingerprint login or biometric support for security.,4,18,2026-01-17,CBE,Google Play,great interface please add fingerprint login or biometric support for security,False,True,True,Mobile App Feature Request,0.8955,Positive
gp_rev_cbe_10090,user_ethiopia_728,Smooth transactions. I highly recommend adding a fingerprint scanner feature.,5,7,2025-09-04,CBE,Google Play,smooth transactions i highly recommend adding a fingerprint scanner feature,False,True,False,Mobile App Feature Request,0.4201,Positive
gp_rev_cbe_10091,user_ethiopia_763,I keep getting a login error and the application crashes repeatedly on launch.,1,17,2025-03-20,CBE,Google Play,i keep getting a login error and the application crashes repeatedly on launch,False,False,True,Authentication & Server Bugs,-0.4019,Negative
gp_rev_cbe_10092,user_ethiopia_644,Extremely slow loading times when making instant payments to other banks.,1,19,2025-07-30,CBE,Google Play,extremely slow loading times when making instant payments to other banks,True,False,False,Performance & Transfer Delays,0.0,Neutral
gp_rev_cbe_10093,user_ethiopia_996,Very dependable mobile banking system for daily financial operations.,5,21,2025-05-12,CBE,Google Play,very dependable mobile banking system for daily financial operations,False,False,False,General Account Management,0.0,Neutral
gp_rev_cbe_10094,user_ethiopia_931,Great interface! Please add fingerprint login or biometric support for security.,4,23,2025-01-31,CBE,Google Play,great interface please add fingerprint login or biometric support for security,False,True,True,Mobile App Feature Request,0.8955,Positive
gp_rev_cbe_10095,user_ethiopia_127,The interface hangs on the processing screen when checking my balance. Please optimize.,2,15,2025-06-26,CBE,Google Play,the interface hangs on the processing screen when checking my balance please optimize,True,False,False,Performance & Transfer Delays,0.6705,Positive
gp_rev_cbe_10096,user_ethiopia_237,Very dependable mobile banking system for daily financial operations.,5,6,2024-10-11,CBE,Google Play,very dependable mobile banking system for daily financial operations,False,False,False,General Account Management,0.0,Neutral
gp_rev_cbe_10097,user_ethiopia_500,Extremely slow loading times when making instant payments to other banks.,1,25,2026-01-05,CBE,Google Play,extremely slow loading times when making instant payments to other banks,True,False,False,Performance & Transfer Delays,0.0,Neutral
gp_rev_cbe_10098,user_ethiopia_941,Great interface! Please add fingerprint login or biometric support for security.,4,11,2026-05-11,CBE,Google Play,great interface please add fingerprint login or biometric support for security,False,True,True,Mobile App Feature Request,0.8955,Positive
gp_rev_cbe_10099,user_ethiopia_512,The interface hangs on the processing screen when checking my balance. Please optimize.,2,20,2024-12-14,CBE,Google Play,the interface hangs on the processing screen when checking my balance please optimize,True,False,False,Performance & Transfer Delays,0.6705,Positive
gp_rev_cbe_10100,user_ethiopia_696,"I really love using this app, but we need budgeting tools and dark mode features ASAP.",4,7,2025-09-25,CBE,Google Play,i really love using this app but we need budgeting tools and dark mode features asap,False,True,False,Mobile App Feature Request,0.4111,Positive
gp_rev_cbe_10101,user_ethiopia_774,Very dependable mobile banking system for daily financial operations.,5,17,2026-01-22,CBE,Google Play,very dependable mobile banking system for daily financial operations,False,False,False,General Account Management,0.0,Neutral
gp_rev_cbe_10102,user_ethiopia_644,Constant server communication timeout errors. Fix the customer support line.,1,8,2025-10-19,CBE,Google Play,constant server communication timeout errors fix the customer support line,False,False,True,Authentication & Server Bugs,0.0772,Positive
gp_rev_cbe_10103,user_ethiopia_299,"I really love using this app, but we need budgeting tools and dark mode features ASAP.",4,21,2024-11-27,CBE,Google Play,i really love using this app but we need budgeting tools and dark mode features asap,False,True,False,Mobile App Feature Request,0.4111,Positive
gp_rev_cbe_10104,user_ethiopia_144,The interface hangs on the processing screen when checking my balance. Please optimize.,2,6,2024-11-02,CBE,Google Play,the interface hangs on the processing screen when checking my balance please optimize,True,False,False,Performance & Transfer Delays,0.6705,Positive
gp_rev_cbe_10105,user_ethiopia_392,I keep getting a login error and the application crashes repeatedly on launch.,1,18,2024-11-10,CBE,Google Play,i keep getting a login error and the application crashes repeatedly on launch,False,False,True,Authentication & Server Bugs,-0.4019,Negative
gp_rev_cbe_10106,user_ethiopia_384,"Excellent update, transfers are fast and easy to navigate.",5,12,2024-06-29,CBE,Google Play,excellent update transfers are fast and easy to navigate,True,False,False,General Account Management,0.765,Positive
gp_rev_cbe_10107,user_ethiopia_983,"Excellent update, transfers are fast and easy to navigate.",5,24,2024-10-25,CBE,Google Play,excellent update transfers are fast and easy to navigate,True,False,False,General Account Management,0.765,Positive
gp_rev_cbe_10108,user_ethiopia_771,"I really love using this app, but we need budgeting tools and dark mode features ASAP.",4,17,2025-07-29,CBE,Google Play,i really love using this app but we need budgeting tools and dark mode features asap,False,True,False,Mobile App Feature Request,0.4111,Positive
gp_rev_cbe_10109,user_ethiopia_814,Extremely slow loading times when making instant payments to other banks.,1,10,2025-12-14,CBE,Google Play,extremely slow loading times when making instant payments to other banks,True,False,False,Performance & Transfer Delays,0.0,Neutral
gp_rev_cbe_10110,user_ethiopia_204,Constant server communication timeout errors. Fix the customer support line.,1,24,2025-04-11,CBE,Google Play,constant server communication timeout errors fix the customer support line,False,False,True,Authentication & Server Bugs,0.0772,Positive
gp_rev_cbe_10111,user_ethiopia_651,"Excellent update, transfers are fast and easy to navigate.",5,3,2025-02-23,CBE,Google Play,excellent update transfers are fast and easy to navigate,True,False,False,General Account Management,0.765,Positive
gp_rev_cbe_10112,user_ethiopia_652,"Excellent update, transfers are fast and easy to navigate.",5,2,2025-05-31,CBE,Google Play,excellent update transfers are fast and easy to navigate,True,False,False,General Account Management,0.765,Positive
gp_rev_cbe_10113,user_ethiopia_771,Great interface! Please add fingerprint login or biometric support for security.,4,1,2026-03-14,CBE,Google Play,great interface please add fingerprint login or biometric support for security,False,True,True,Mobile App Feature Request,0.8955,Positive
gp_rev_cbe_10114,user_ethiopia_633,"Excellent update, transfers are fast and easy to navigate.",5,11,2025-01-20,CBE,Google Play,excellent update transfers are fast and easy to navigate,True,False,False,General Account Management,0.765,Positive
gp_rev_cbe_10115,user_ethiopia_970,Very dependable mobile banking system for daily financial operations.,5,2,2025-04-23,CBE,Google Play,very dependable mobile banking system for daily financial operations,False,False,False,General Account Management,0.0,Neutral
gp_rev_cbe_10116,user_ethiopia_575,Constant server communication timeout errors. Fix the customer support line.,1,21,2025-10-08,CBE,Google Play,constant server communication timeout errors fix the customer support line,False,False,True,Authentication & Server Bugs,0.0772,Positive
gp_rev_cbe_10117,user_ethiopia_173,Constant server communication timeout errors. Fix the customer support line.,1,22,2025-09-26,CBE,Google Play,constant server communication timeout errors fix the customer support line,False,False,True,Authentication & Server Bugs,0.0772,Positive
gp_rev_cbe_10118,user_ethiopia_990,"Excellent update, transfers are fast and easy to navigate.",5,1,2025-12-03,CBE,Google Play,excellent update transfers are fast and easy to navigate,True,False,False,General Account Management,0.765,Positive
gp_rev_cbe_10119,user_ethiopia_972,Extremely slow loading times when making instant payments to other banks.,1,12,2024-11-10,CBE,Google Play,extremely slow loading times when making instant payments to other banks,True,False,False,Performance & Transfer Delays,0.0,Neutral
gp_rev_cbe_10120,user_ethiopia_880,Very dependable mobile banking system for daily financial operations.,5,22,2024-09-02,CBE,Google Play,very dependable mobile banking system for daily financial operations,False,False,False,General Account Management,0.0,Neutral
gp_rev_cbe_10121,user_ethiopia_798,Smooth transactions. I highly recommend adding a fingerprint scanner feature.,5,10,2025-02-03,CBE,Google Play,smooth transactions i highly recommend adding a fingerprint scanner feature,False,True,False,Mobile App Feature Request,0.4201,Positive
gp_rev_cbe_10122,user_ethiopia_554,Smooth transactions. I highly recommend adding a fingerprint scanner feature.,5,1,2024-10-18,CBE,Google Play,smooth transactions i highly recommend adding a fingerprint scanner feature,False,True,False,Mobile App Feature Request,0.4201,Positive
gp_rev_cbe_10123,user_ethiopia_655,I keep getting a login error and the application crashes repeatedly on launch.,1,4,2025-06-10,CBE,Google Play,i keep getting a login error and the application crashes repeatedly on launch,False,False,True,Authentication & Server Bugs,-0.4019,Negative
gp_rev_cbe_10124,user_ethiopia_401,Smooth transactions. I highly recommend adding a fingerprint scanner feature.,5,4,2025-04-16,CBE,Google Play,smooth transactions i highly recommend adding a fingerprint scanner feature,False,True,False,Mobile App Feature Request,0.4201,Positive
gp_rev_cbe_10125,user_ethiopia_262,I keep getting a login error and the application crashes repeatedly on launch.,1,7,2024-12-31,CBE,Google Play,i keep getting a login error and the application crashes repeatedly on launch,False,False,True,Authentication & Server Bugs,-0.4019,Negative
gp_rev_cbe_10126,user_ethiopia_583,Great interface! Please add fingerprint login or biometric support for security.,4,7,2024-11-23,CBE,Google Play,great interface please add fingerprint login or biometric support for security,False,True,True,Mobile App Feature Request,0.8955,Positive
gp_rev_cbe_10127,user_ethiopia_728,The interface hangs on the processing screen when checking my balance. Please optimize.,2,15,2026-02-13,CBE,Google Play,the interface hangs on the processing screen when checking my balance please optimize,True,False,False,Performance & Transfer Delays,0.6705,Positive
gp_rev_cbe_10128,user_ethiopia_411,"I really love using this app, but we need budgeting tools and dark mode features ASAP.",4,17,2026-03-23,CBE,Google Play,i really love using this app but we need budgeting tools and dark mode features asap,False,True,False,Mobile App Feature Request,0.4111,Positive
gp_rev_cbe_10129,user_ethiopia_661,The system fails to send the OTP code. I cannot access my wallet or complete transactions.,1,10,2026-02-21,CBE,Google Play,the system fails to send the otp code i cannot access my wallet or complete transactions,False,False,True,Authentication & Server Bugs,-0.4215,Negative
gp_rev_cbe_10130,user_ethiopia_229,The interface hangs on the processing screen when checking my balance. Please optimize.,2,5,2024-09-15,CBE,Google Play,the interface hangs on the processing screen when checking my balance please optimize,True,False,False,Performance & Transfer Delays,0.6705,Positive
gp_rev_cbe_10131,user_ethiopia_487,The system fails to send the OTP code. I cannot access my wallet or complete transactions.,1,17,2024-08-03,CBE,Google Play,the system fails to send the otp code i cannot access my wallet or complete transactions,False,False,True,Authentication & Server Bugs,-0.4215,Negative
gp_rev_cbe_10132,user_ethiopia_776,Constant server communication timeout errors. Fix the customer support line.,1,10,2025-04-09,CBE,Google Play,constant server communication timeout errors fix the customer support line,False,False,True,Authentication & Server Bugs,0.0772,Positive
gp_rev_cbe_10133,user_ethiopia_608,"Excellent update, transfers are fast and easy to navigate.",5,18,2025-08-06,CBE,Google Play,excellent update transfers are fast and easy to navigate,True,False,False,General Account Management,0.765,Positive
gp_rev_cbe_10134,user_ethiopia_793,The interface hangs on the processing screen when checking my balance. Please optimize.,2,9,2026-04-30,CBE,Google Play,the interface hangs on the processing screen when checking my balance please optimize,True,False,False,Performance & Transfer Delays,0.6705,Positive
gp_rev_cbe_10135,user_ethiopia_203,I keep getting a login error and the application crashes repeatedly on launch.,1,18,2025-01-30,CBE,Google Play,i keep getting a login error and the application crashes repeatedly on launch,False,False,True,Authentication & Server Bugs,-0.4019,Negative
gp_rev_cbe_10136,user_ethiopia_616,Extremely slow loading times when making instant payments to other banks.,1,20,2025-11-06,CBE,Google Play,extremely slow loading times when making instant payments to other banks,True,False,False,Performance & Transfer Delays,0.0,Neutral
gp_rev_cbe_10137,user_ethiopia_191,The interface hangs on the processing screen when checking my balance. Please optimize.,2,7,2025-03-21,CBE,Google Play,the interface hangs on the processing screen when checking my balance please optimize,True,False,False,Performance & Transfer Delays,0.6705,Positive
gp_rev_cbe_10138,user_ethiopia_202,Constant server communication timeout errors. Fix the customer support line.,1,13,2025-01-10,CBE,Google Play,constant server communication timeout errors fix the customer support line,False,False,True,Authentication & Server Bugs,0.0772,Positive
gp_rev_cbe_10139,user_ethiopia_985,Extremely slow loading times when making instant payments to other banks.,1,23,2026-01-15,CBE,Google Play,extremely slow loading times when making instant payments to other banks,True,False,False,Performance & Transfer Delays,0.0,Neutral
gp_rev_cbe_10140,user_ethiopia_900,Very dependable mobile banking system for daily financial operations.,5,3,2025-07-02,CBE,Google Play,very dependable mobile banking system for daily financial operations,False,False,False,General Account Management,0.0,Neutral
gp_rev_cbe_10141,user_ethiopia_643,The system fails to send the OTP code. I cannot access my wallet or complete transactions.,1,3,2025-01-29,CBE,Google Play,the system fails to send the otp code i cannot access my wallet or complete transactions,False,False,True,Authentication & Server Bugs,-0.4215,Negative
gp_rev_cbe_10142,user_ethiopia_828,Very dependable mobile banking system for daily financial operations.,5,14,2025-07-03,CBE,Google Play,very dependable mobile banking system for daily financial operations,False,False,False,General Account Management,0.0,Neutral
gp_rev_cbe_10143,user_ethiopia_728,"I really love using this app, but we need budgeting tools and dark mode features ASAP.",4,20,2024-06-24,CBE,Google Play,i really love using this app but we need budgeting tools and dark mode features asap,False,True,False,Mobile App Feature Request,0.4111,Positive
gp_rev_cbe_10144,user_ethiopia_153,Smooth transactions. I highly recommend adding a fingerprint scanner feature.,5,19,2025-01-09,CBE,Google Play,smooth transactions i highly recommend adding a fingerprint scanner feature,False,True,False,Mobile App Feature Request,0.4201,Positive
gp_rev_cbe_10145,user_ethiopia_130,Extremely slow loading times when making instant payments to other banks.,1,9,2025-06-08,CBE,Google Play,extremely slow loading times when making instant payments to other banks,True,False,False,Performance & Transfer Delays,0.0,Neutral
gp_rev_cbe_10146,user_ethiopia_351,The app is so slow during transfers. It takes forever to load my account balance.,2,8,2025-11-06,CBE,Google Play,the app is so slow during transfers it takes forever to load my account balance,True,False,False,Performance & Transfer Delays,0.0,Neutral
gp_rev_cbe_10147,user_ethiopia_848,The system fails to send the OTP code. I cannot access my wallet or complete transactions.,1,4,2026-03-12,CBE,Google Play,the system fails to send the otp code i cannot access my wallet or complete transactions,False,False,True,Authentication & Server Bugs,-0.4215,Negative
gp_rev_cbe_10148,user_ethiopia_864,Smooth transactions. I highly recommend adding a fingerprint scanner feature.,5,7,2024-12-29,CBE,Google Play,smooth transactions i highly recommend adding a fingerprint scanner feature,False,True,False,Mobile App Feature Request,0.4201,Positive
gp_rev_cbe_10149,user_ethiopia_296,The interface hangs on the processing screen when checking my balance. Please optimize.,2,5,2026-01-04,CBE,Google Play,the interface hangs on the processing screen when checking my balance please optimize,True,False,False,Performance & Transfer Delays,0.6705,Positive
gp_rev_cbe_10150,user_ethiopia_742,Very dependable mobile banking system for daily financial operations.,5,13,2024-07-12,CBE,Google Play,very dependable mobile banking system for daily financial operations,False,False,False,General Account Management,0.0,Neutral
gp_rev_cbe_10151,user_ethiopia_730,Very dependable mobile banking system for daily financial operations.,5,0,2025-10-31,CBE,Google Play,very dependable mobile banking system for daily financial operations,False,False,False,General Account Management,0.0,Neutral
gp_rev_cbe_10152,user_ethiopia_901,I keep getting a login error and the application crashes repeatedly on launch.,1,8,2025-04-16,CBE,Google Play,i keep getting a login error and the application crashes repeatedly on launch,False,False,True,Authentication & Server Bugs,-0.4019,Negative
gp_rev_cbe_10153,user_ethiopia_867,The app is so slow during transfers. It takes forever to load my account balance.,2,15,2025-01-30,CBE,Google Play,the app is so slow during transfers it takes forever to load my account balance,True,False,False,Performance & Transfer Delays,0.0,Neutral
gp_rev_cbe_10154,user_ethiopia_807,Extremely slow loading times when making instant payments to other banks.,1,24,2025-07-24,CBE,Google Play,extremely slow loading times when making instant payments to other banks,True,False,False,Performance & Transfer Delays,0.0,Neutral
gp_rev_cbe_10155,user_ethiopia_452,The interface hangs on the processing screen when checking my balance. Please optimize.,2,19,2026-03-26,CBE,Google Play,the interface hangs on the processing screen when checking my balance please optimize,True,False,False,Performance & Transfer Delays,0.6705,Positive
gp_rev_cbe_10156,user_ethiopia_680,Great interface! Please add fingerprint login or biometric support for security.,4,1,2024-10-29,CBE,Google Play,great interface please add fingerprint login or biometric support for security,False,True,True,Mobile App Feature Request,0.8955,Positive
gp_rev_cbe_10157,user_ethiopia_865,Smooth transactions. I highly recommend adding a fingerprint scanner feature.,5,23,2025-07-10,CBE,Google Play,smooth transactions i highly recommend adding a fingerprint scanner feature,False,True,False,Mobile App Feature Request,0.4201,Positive
gp_rev_cbe_10158,user_ethiopia_812,Smooth transactions. I highly recommend adding a fingerprint scanner feature.,5,17,2026-01-14,CBE,Google Play,smooth transactions i highly recommend adding a fingerprint scanner feature,False,True,False,Mobile App Feature Request,0.4201,Positive
gp_rev_cbe_10159,user_ethiopia_768,The interface hangs on the processing screen when checking my balance. Please optimize.,2,10,2026-02-24,CBE,Google Play,the interface hangs on the processing screen when checking my balance please optimize,True,False,False,Performance & Transfer Delays,0.6705,Positive
gp_rev_cbe_10160,user_ethiopia_768,Very dependable mobile banking system for daily financial operations.,5,5,2025-03-20,CBE,Google Play,very dependable mobile banking system for daily financial operations,False,False,False,General Account Management,0.0,Neutral
gp_rev_cbe_10161,user_ethiopia_627,The interface hangs on the processing screen when checking my balance. Please optimize.,2,6,2025-12-31,CBE,Google Play,the interface hangs on the processing screen when checking my balance please optimize,True,False,False,Performance & Transfer Delays,0.6705,Positive
gp_rev_cbe_10162,user_ethiopia_896,"I really love using this app, but we need budgeting tools and dark mode features ASAP.",4,8,2025-04-01,CBE,Google Play,i really love using this app but we need budgeting tools and dark mode features asap,False,True,False,Mobile App Feature Request,0.4111,Positive
gp_rev_cbe_10163,user_ethiopia_417,Smooth transactions. I highly recommend adding a fingerprint scanner feature.,5,8,2025-03-27,CBE,Google Play,smooth transactions i highly recommend adding a fingerprint scanner feature,False,True,False,Mobile App Feature Request,0.4201,Positive
gp_rev_cbe_10164,user_ethiopia_143,Very dependable mobile banking system for daily financial operations.,5,1,2025-05-31,CBE,Google Play,very dependable mobile banking system for daily financial operations,False,False,False,General Account Management,0.0,Neutral
gp_rev_cbe_10165,user_ethiopia_333,Great interface! Please add fingerprint login or biometric support for security.,4,17,2024-11-18,CBE,Google Play,great interface please add fingerprint login or biometric support for security,False,True,True,Mobile App Feature Request,0.8955,Positive
gp_rev_cbe_10166,user_ethiopia_620,Very dependable mobile banking system for daily financial operations.,5,12,2024-10-28,CBE,Google Play,very dependable mobile banking system for daily financial operations,False,False,False,General Account Management,0.0,Neutral
gp_rev_cbe_10167,user_ethiopia_136,The system fails to send the OTP code. I cannot access my wallet or complete transactions.,1,6,2025-07-15,CBE,Google Play,the system fails to send the otp code i cannot access my wallet or complete transactions,False,False,True,Authentication & Server Bugs,-0.4215,Negative
gp_rev_cbe_10168,user_ethiopia_577,Great interface! Please add fingerprint login or biometric support for security.,4,8,2025-11-12,CBE,Google Play,great interface please add fingerprint login or biometric support for security,False,True,True,Mobile App Feature Request,0.8955,Positive
gp_rev_cbe_10169,user_ethiopia_851,"Excellent update, transfers are fast and easy to navigate.",5,13,2026-02-06,CBE,Google Play,excellent update transfers are fast and easy to navigate,True,False,False,General Account Management,0.765,Positive
gp_rev_cbe_10170,user_ethiopia_963,Constant server communication timeout errors. Fix the customer support line.,1,14,2024-09-24,CBE,Google Play,constant server communication timeout errors fix the customer support line,False,False,True,Authentication & Server Bugs,0.0772,Positive
gp_rev_cbe_10171,user_ethiopia_421,"Excellent update, transfers are fast and easy to navigate.",5,24,2025-09-06,CBE,Google Play,excellent update transfers are fast and easy to navigate,True,False,False,General Account Management,0.765,Positive
gp_rev_cbe_10172,user_ethiopia_172,"Excellent update, transfers are fast and easy to navigate.",5,9,2025-05-03,CBE,Google Play,excellent update transfers are fast and easy to navigate,True,False,False,General Account Management,0.765,Positive
gp_rev_cbe_10173,user_ethiopia_888,The app is so slow during transfers. It takes forever to load my account balance.,2,14,2024-07-19,CBE,Google Play,the app is so slow during transfers it takes forever to load my account balance,True,False,False,Performance & Transfer Delays,0.0,Neutral
gp_rev_cbe_10174,user_ethiopia_474,Constant server communication timeout errors. Fix the customer support line.,1,4,2025-05-27,CBE,Google Play,constant server communication timeout errors fix the customer support line,False,False,True,Authentication & Server Bugs,0.0772,Positive
gp_rev_cbe_10175,user_ethiopia_686,Extremely slow loading times when making instant payments to other banks.,1,2,2025-10-06,CBE,Google Play,extremely slow loading times when making instant payments to other banks,True,False,False,Performance & Transfer Delays,0.0,Neutral
gp_rev_cbe_10176,user_ethiopia_645,I keep getting a login error and the application crashes repeatedly on launch.,1,1,2025-05-10,CBE,Google Play,i keep getting a login error and the application crashes repeatedly on launch,False,False,True,Authentication & Server Bugs,-0.4019,Negative
gp_rev_cbe_10177,user_ethiopia_221,"Excellent update, transfers are fast and easy to navigate.",5,21,2026-03-22,CBE,Google Play,excellent update transfers are fast and easy to navigate,True,False,False,General Account Management,0.765,Positive
gp_rev_cbe_10178,user_ethiopia_870,Smooth transactions. I highly recommend adding a fingerprint scanner feature.,5,22,2025-03-26,CBE,Google Play,smooth transactions i highly recommend adding a fingerprint scanner feature,False,True,False,Mobile App Feature Request,0.4201,Positive
gp_rev_cbe_10179,user_ethiopia_793,Smooth transactions. I highly recommend adding a fingerprint scanner feature.,5,20,2025-04-04,CBE,Google Play,smooth transactions i highly recommend adding a fingerprint scanner feature,False,True,False,Mobile App Feature Request,0.4201,Positive
gp_rev_cbe_10180,user_ethiopia_434,The system fails to send the OTP code. I cannot access my wallet or complete transactions.,1,2,2025-06-05,CBE,Google Play,the system fails to send the otp code i cannot access my wallet or complete transactions,False,False,True,Authentication & Server Bugs,-0.4215,Negative
gp_rev_cbe_10181,user_ethiopia_182,Very dependable mobile banking system for daily financial operations.,5,21,2025-08-09,CBE,Google Play,very dependable mobile banking system for daily financial operations,False,False,False,General Account Management,0.0,Neutral
gp_rev_cbe_10182,user_ethiopia_294,Extremely slow loading times when making instant payments to other banks.,1,16,2026-04-24,CBE,Google Play,extremely slow loading times when making instant payments to other banks,True,False,False,Performance & Transfer Delays,0.0,Neutral
gp_rev_cbe_10183,user_ethiopia_777,"Excellent update, transfers are fast and easy to navigate.",5,13,2024-10-18,CBE,Google Play,excellent update transfers are fast and easy to navigate,True,False,False,General Account Management,0.765,Positive
gp_rev_cbe_10184,user_ethiopia_931,The interface hangs on the processing screen when checking my balance. Please optimize.,2,16,2024-09-09,CBE,Google Play,the interface hangs on the processing screen when checking my balance please optimize,True,False,False,Performance & Transfer Delays,0.6705,Positive
gp_rev_cbe_10185,user_ethiopia_903,Great interface! Please add fingerprint login or biometric support for security.,4,24,2025-04-06,CBE,Google Play,great interface please add fingerprint login or biometric support for security,False,True,True,Mobile App Feature Request,0.8955,Positive
gp_rev_cbe_10186,user_ethiopia_400,"I really love using this app, but we need budgeting tools and dark mode features ASAP.",4,1,2025-10-15,CBE,Google Play,i really love using this app but we need budgeting tools and dark mode features asap,False,True,False,Mobile App Feature Request,0.4111,Positive
gp_rev_cbe_10187,user_ethiopia_148,I keep getting a login error and the application crashes repeatedly on launch.,1,6,2025-05-03,CBE,Google Play,i keep getting a login error and the application crashes repeatedly on launch,False,False,True,Authentication & Server Bugs,-0.4019,Negative
gp_rev_cbe_10188,user_ethiopia_128,I keep getting a login error and the application crashes repeatedly on launch.,1,11,2025-07-04,CBE,Google Play,i keep getting a login error and the application crashes repeatedly on launch,False,False,True,Authentication & Server Bugs,-0.4019,Negative
gp_rev_cbe_10189,user_ethiopia_178,Smooth transactions. I highly recommend adding a fingerprint scanner feature.,5,25,2024-06-21,CBE,Google Play,smooth transactions i highly recommend adding a fingerprint scanner feature,False,True,False,Mobile App Feature Request,0.4201,Positive
gp_rev_cbe_10190,user_ethiopia_173,Great interface! Please add fingerprint login or biometric support for security.,4,23,2026-03-17,CBE,Google Play,great interface please add fingerprint login or biometric support for security,False,True,True,Mobile App Feature Request,0.8955,Positive
gp_rev_cbe_10191,user_ethiopia_865,Constant server communication timeout errors. Fix the customer support line.,1,12,2024-08-18,CBE,Google Play,constant server communication timeout errors fix the customer support line,False,False,True,Authentication & Server Bugs,0.0772,Positive
gp_rev_cbe_10192,user_ethiopia_290,Smooth transactions. I highly recommend adding a fingerprint scanner feature.,5,12,2026-02-09,CBE,Google Play,smooth transactions i highly recommend adding a fingerprint scanner feature,False,True,False,Mobile App Feature Request,0.4201,Positive
gp_rev_cbe_10193,user_ethiopia_964,Constant server communication timeout errors. Fix the customer support line.,1,24,2025-02-09,CBE,Google Play,constant server communication timeout errors fix the customer support line,False,False,True,Authentication & Server Bugs,0.0772,Positive
gp_rev_cbe_10194,user_ethiopia_731,"Excellent update, transfers are fast and easy to navigate.",5,9,2025-02-27,CBE,Google Play,excellent update transfers are fast and easy to navigate,True,False,False,General Account Management,0.765,Positive
gp_rev_cbe_10195,user_ethiopia_265,"Excellent update, transfers are fast and easy to navigate.",5,16,2024-06-20,CBE,Google Play,excellent update transfers are fast and easy to navigate,True,False,False,General Account Management,0.765,Positive
gp_rev_cbe_10196,user_ethiopia_432,"I really love using this app, but we need budgeting tools and dark mode features ASAP.",4,3,2025-08-24,CBE,Google Play,i really love using this app but we need budgeting tools and dark mode features asap,False,True,False,Mobile App Feature Request,0.4111,Positive
gp_rev_cbe_10197,user_ethiopia_906,Constant server communication timeout errors. Fix the customer support line.,1,0,2026-04-05,CBE,Google Play,constant server communication timeout errors fix the customer support line,False,False,True,Authentication & Server Bugs,0.0772,Positive
gp_rev_cbe_10198,user_ethiopia_367,The interface hangs on the processing screen when checking my balance. Please optimize.,2,15,2025-08-01,CBE,Google Play,the interface hangs on the processing screen when checking my balance please optimize,True,False,False,Performance & Transfer Delays,0.6705,Positive
gp_rev_cbe_10199,user_ethiopia_701,"Excellent update, transfers are fast and easy to navigate.",5,16,2025-02-21,CBE,Google Play,excellent update transfers are fast and easy to navigate,True,False,False,General Account Management,0.765,Positive
gp_rev_cbe_10200,user_ethiopia_969,"I really love using this app, but we need budgeting tools and dark mode features ASAP.",4,11,2025-10-25,CBE,Google Play,i really love using this app but we need budgeting tools and dark mode features asap,False,True,False,Mobile App Feature Request,0.4111,Positive
gp_rev_cbe_10201,user_ethiopia_488,Extremely slow loading times when making instant payments to other banks.,1,21,2024-08-21,CBE,Google Play,extremely slow loading times when making instant payments to other banks,True,False,False,Performance & Transfer Delays,0.0,Neutral
gp_rev_cbe_10202,user_ethiopia_627,I keep getting a login error and the application crashes repeatedly on launch.,1,23,2024-07-01,CBE,Google Play,i keep getting a login error and the application crashes repeatedly on launch,False,False,True,Authentication & Server Bugs,-0.4019,Negative
gp_rev_cbe_10203,user_ethiopia_627,"Excellent update, transfers are fast and easy to navigate.",5,18,2024-12-09,CBE,Google Play,excellent update transfers are fast and easy to navigate,True,False,False,General Account Management,0.765,Positive
gp_rev_cbe_10204,user_ethiopia_793,Constant server communication timeout errors. Fix the customer support line.,1,1,2026-01-31,CBE,Google Play,constant server communication timeout errors fix the customer support line,False,False,True,Authentication & Server Bugs,0.0772,Positive
gp_rev_cbe_10205,user_ethiopia_142,The system fails to send the OTP code. I cannot access my wallet or complete transactions.,1,25,2026-03-02,CBE,Google Play,the system fails to send the otp code i cannot access my wallet or complete transactions,False,False,True,Authentication & Server Bugs,-0.4215,Negative
gp_rev_cbe_10206,user_ethiopia_534,Very dependable mobile banking system for daily financial operations.,5,22,2024-09-29,CBE,Google Play,very dependable mobile banking system for daily financial operations,False,False,False,General Account Management,0.0,Neutral
gp_rev_cbe_10207,user_ethiopia_310,I keep getting a login error and the application crashes repeatedly on launch.,1,4,2025-01-31,CBE,Google Play,i keep getting a login error and the application crashes repeatedly on launch,False,False,True,Authentication & Server Bugs,-0.4019,Negative
gp_rev_cbe_10208,user_ethiopia_817,"Excellent update, transfers are fast and easy to navigate.",5,4,2026-01-30,CBE,Google Play,excellent update transfers are fast and easy to navigate,True,False,False,General Account Management,0.765,Positive
gp_rev_cbe_10209,user_ethiopia_533,"Excellent update, transfers are fast and easy to navigate.",5,1,2025-09-30,CBE,Google Play,excellent update transfers are fast and easy to navigate,True,False,False,General Account Management,0.765,Positive
gp_rev_cbe_10210,user_ethiopia_324,The interface hangs on the processing screen when checking my balance. Please optimize.,2,16,2025-04-22,CBE,Google Play,the interface hangs on the processing screen when checking my balance please optimize,True,False,False,Performance & Transfer Delays,0.6705,Positive
gp_rev_cbe_10211,user_ethiopia_642,Constant server communication timeout errors. Fix the customer support line.,1,10,2024-12-29,CBE,Google Play,constant server communication timeout errors fix the customer support line,False,False,True,Authentication & Server Bugs,0.0772,Positive
gp_rev_cbe_10212,user_ethiopia_616,The interface hangs on the processing screen when checking my balance. Please optimize.,2,2,2025-07-09,CBE,Google Play,the interface hangs on the processing screen when checking my balance please optimize,True,False,False,Performance & Transfer Delays,0.6705,Positive
gp_rev_cbe_10213,user_ethiopia_874,Extremely slow loading times when making instant payments to other banks.,1,16,2025-08-20,CBE,Google Play,extremely slow loading times when making instant payments to other banks,True,False,False,Performance & Transfer Delays,0.0,Neutral
gp_rev_cbe_10214,user_ethiopia_999,The system fails to send the OTP code. I cannot access my wallet or complete transactions.,1,4,2025-08-22,CBE,Google Play,the system fails to send the otp code i cannot access my wallet or complete transactions,False,False,True,Authentication & Server Bugs,-0.4215,Negative
gp_rev_cbe_10215,user_ethiopia_537,"I really love using this app, but we need budgeting tools and dark mode features ASAP.",4,8,2024-08-04,CBE,Google Play,i really love using this app but we need budgeting tools and dark mode features asap,False,True,False,Mobile App Feature Request,0.4111,Positive
gp_rev_cbe_10216,user_ethiopia_674,"I really love using this app, but we need budgeting tools and dark mode features ASAP.",4,21,2026-04-22,CBE,Google Play,i really love using this app but we need budgeting tools and dark mode features asap,False,True,False,Mobile App Feature Request,0.4111,Positive
gp_rev_cbe_10217,user_ethiopia_725,Constant server communication timeout errors. Fix the customer support line.,1,5,2025-06-18,CBE,Google Play,constant server communication timeout errors fix the customer support line,False,False,True,Authentication & Server Bugs,0.0772,Positive
gp_rev_cbe_10218,user_ethiopia_402,Constant server communication timeout errors. Fix the customer support line.,1,18,2025-08-07,CBE,Google Play,constant server communication timeout errors fix the customer support line,False,False,True,Authentication & Server Bugs,0.0772,Positive
gp_rev_cbe_10219,user_ethiopia_850,The app is so slow during transfers. It takes forever to load my account balance.,2,7,2025-01-08,CBE,Google Play,the app is so slow during transfers it takes forever to load my account balance,True,False,False,Performance & Transfer Delays,0.0,Neutral
gp_rev_cbe_10220,user_ethiopia_629,The interface hangs on the processing screen when checking my balance. Please optimize.,2,2,2025-03-01,CBE,Google Play,the interface hangs on the processing screen when checking my balance please optimize,True,False,False,Performance & Transfer Delays,0.6705,Positive
gp_rev_cbe_10221,user_ethiopia_372,I keep getting a login error and the application crashes repeatedly on launch.,1,19,2024-10-12,CBE,Google Play,i keep getting a login error and the application crashes repeatedly on launch,False,False,True,Authentication & Server Bugs,-0.4019,Negative
gp_rev_cbe_10222,user_ethiopia_848,Great interface! Please add fingerprint login or biometric support for security.,4,5,2025-09-05,CBE,Google Play,great interface please add fingerprint login or biometric support for security,False,True,True,Mobile App Feature Request,0.8955,Positive
gp_rev_cbe_10223,user_ethiopia_347,"I really love using this app, but we need budgeting tools and dark mode features ASAP.",4,16,2025-02-07,CBE,Google Play,i really love using this app but we need budgeting tools and dark mode features asap,False,True,False,Mobile App Feature Request,0.4111,Positive
gp_rev_cbe_10224,user_ethiopia_619,The app is so slow during transfers. It takes forever to load my account balance.,2,2,2025-07-19,CBE,Google Play,the app is so slow during transfers it takes forever to load my account balance,True,False,False,Performance & Transfer Delays,0.0,Neutral
gp_rev_cbe_10225,user_ethiopia_544,"I really love using this app, but we need budgeting tools and dark mode features ASAP.",4,20,2025-11-27,CBE,Google Play,i really love using this app but we need budgeting tools and dark mode features asap,False,True,False,Mobile App Feature Request,0.4111,Positive
gp_rev_cbe_10226,user_ethiopia_947,The system fails to send the OTP code. I cannot access my wallet or complete transactions.,1,21,2024-07-03,CBE,Google Play,the system fails to send the otp code i cannot access my wallet or complete transactions,False,False,True,Authentication & Server Bugs,-0.4215,Negative
gp_rev_cbe_10227,user_ethiopia_176,Great interface! Please add fingerprint login or biometric support for security.,4,8,2025-05-14,CBE,Google Play,great interface please add fingerprint login or biometric support for security,False,True,True,Mobile App Feature Request,0.8955,Positive
gp_rev_cbe_10228,user_ethiopia_996,I keep getting a login error and the application crashes repeatedly on launch.,1,12,2024-10-14,CBE,Google Play,i keep getting a login error and the application crashes repeatedly on launch,False,False,True,Authentication & Server Bugs,-0.4019,Negative
gp_rev_cbe_10229,user_ethiopia_722,"Excellent update, transfers are fast and easy to navigate.",5,14,2025-01-25,CBE,Google Play,excellent update transfers are fast and easy to navigate,True,False,False,General Account Management,0.765,Positive
gp_rev_cbe_10230,user_ethiopia_377,Great interface! Please add fingerprint login or biometric support for security.,4,9,2025-01-29,CBE,Google Play,great interface please add fingerprint login or biometric support for security,False,True,True,Mobile App Feature Request,0.8955,Positive
gp_rev_cbe_10231,user_ethiopia_852,Constant server communication timeout errors. Fix the customer support line.,1,4,2025-08-04,CBE,Google Play,constant server communication timeout errors fix the customer support line,False,False,True,Authentication & Server Bugs,0.0772,Positive
gp_rev_cbe_10232,user_ethiopia_948,Very dependable mobile banking system for daily financial operations.,5,7,2024-08-10,CBE,Google Play,very dependable mobile banking system for daily financial operations,False,False,False,General Account Management,0.0,Neutral
gp_rev_cbe_10233,user_ethiopia_908,"I really love using this app, but we need budgeting tools and dark mode features ASAP.",4,25,2026-03-03,CBE,Google Play,i really love using this app but we need budgeting tools and dark mode features asap,False,True,False,Mobile App Feature Request,0.4111,Positive
gp_rev_cbe_10234,user_ethiopia_680,Smooth transactions. I highly recommend adding a fingerprint scanner feature.,5,21,2025-07-08,CBE,Google Play,smooth transactions i highly recommend adding a fingerprint scanner feature,False,True,False,Mobile App Feature Request,0.4201,Positive
gp_rev_cbe_10235,user_ethiopia_726,The interface hangs on the processing screen when checking my balance. Please optimize.,2,7,2024-09-28,CBE,Google Play,the interface hangs on the processing screen when checking my balance please optimize,True,False,False,Performance & Transfer Delays,0.6705,Positive
gp_rev_cbe_10236,user_ethiopia_326,"Excellent update, transfers are fast and easy to navigate.",5,20,2025-07-17,CBE,Google Play,excellent update transfers are fast and easy to navigate,True,False,False,General Account Management,0.765,Positive
gp_rev_cbe_10237,user_ethiopia_884,"I really love using this app, but we need budgeting tools and dark mode features ASAP.",4,22,2026-01-28,CBE,Google Play,i really love using this app but we need budgeting tools and dark mode features asap,False,True,False,Mobile App Feature Request,0.4111,Positive
gp_rev_cbe_10238,user_ethiopia_563,The app is so slow during transfers. It takes forever to load my account balance.,2,3,2025-04-09,CBE,Google Play,the app is so slow during transfers it takes forever to load my account balance,True,False,False,Performance & Transfer Delays,0.0,Neutral
gp_rev_cbe_10239,user_ethiopia_161,Great interface! Please add fingerprint login or biometric support for security.,4,9,2026-05-03,CBE,Google Play,great interface please add fingerprint login or biometric support for security,False,True,True,Mobile App Feature Request,0.8955,Positive
gp_rev_cbe_10240,user_ethiopia_676,"I really love using this app, but we need budgeting tools and dark mode features ASAP.",4,8,2025-06-19,CBE,Google Play,i really love using this app but we need budgeting tools and dark mode features asap,False,True,False,Mobile App Feature Request,0.4111,Positive
gp_rev_cbe_10241,user_ethiopia_991,"I really love using this app, but we need budgeting tools and dark mode features ASAP.",4,14,2024-10-25,CBE,Google Play,i really love using this app but we need budgeting tools and dark mode features asap,False,True,False,Mobile App Feature Request,0.4111,Positive
gp_rev_cbe_10242,user_ethiopia_550,Very dependable mobile banking system for daily financial operations.,5,7,2024-08-05,CBE,Google Play,very dependable mobile banking system for daily financial operations,False,False,False,General Account Management,0.0,Neutral
gp_rev_cbe_10243,user_ethiopia_767,"I really love using this app, but we need budgeting tools and dark mode features ASAP.",4,25,2025-11-01,CBE,Google Play,i really love using this app but we need budgeting tools and dark mode features asap,False,True,False,Mobile App Feature Request,0.4111,Positive
gp_rev_cbe_10244,user_ethiopia_890,Smooth transactions. I highly recommend adding a fingerprint scanner feature.,5,13,2025-02-09,CBE,Google Play,smooth transactions i highly recommend adding a fingerprint scanner feature,False,True,False,Mobile App Feature Request,0.4201,Positive
gp_rev_cbe_10245,user_ethiopia_793,Smooth transactions. I highly recommend adding a fingerprint scanner feature.,5,7,2024-09-13,CBE,Google Play,smooth transactions i highly recommend adding a fingerprint scanner feature,False,True,False,Mobile App Feature Request,0.4201,Positive
gp_rev_cbe_10246,user_ethiopia_854,Constant server communication timeout errors. Fix the customer support line.,1,19,2024-10-03,CBE,Google Play,constant server communication timeout errors fix the customer support line,False,False,True,Authentication & Server Bugs,0.0772,Positive
gp_rev_cbe_10247,user_ethiopia_382,I keep getting a login error and the application crashes repeatedly on launch.,1,11,2026-01-12,CBE,Google Play,i keep getting a login error and the application crashes repeatedly on launch,False,False,True,Authentication & Server Bugs,-0.4019,Negative
gp_rev_cbe_10248,user_ethiopia_626,Smooth transactions. I highly recommend adding a fingerprint scanner feature.,5,19,2025-04-24,CBE,Google Play,smooth transactions i highly recommend adding a fingerprint scanner feature,False,True,False,Mobile App Feature Request,0.4201,Positive
gp_rev_cbe_10249,user_ethiopia_456,"I really love using this app, but we need budgeting tools and dark mode features ASAP.",4,17,2026-05-05,CBE,Google Play,i really love using this app but we need budgeting tools and dark mode features asap,False,True,False,Mobile App Feature Request,0.4111,Positive
gp_rev_cbe_10250,user_ethiopia_606,"I really love using this app, but we need budgeting tools and dark mode features ASAP.",4,13,2024-08-28,CBE,Google Play,i really love using this app but we need budgeting tools and dark mode features asap,False,True,False,Mobile App Feature Request,0.4111,Positive
gp_rev_cbe_10251,user_ethiopia_993,Constant server communication timeout errors. Fix the customer support line.,1,1,2025-08-16,CBE,Google Play,constant server communication timeout errors fix the customer support line,False,False,True,Authentication & Server Bugs,0.0772,Positive
gp_rev_cbe_10252,user_ethiopia_954,Very dependable mobile banking system for daily financial operations.,5,24,2025-07-05,CBE,Google Play,very dependable mobile banking system for daily financial operations,False,False,False,General Account Management,0.0,Neutral
gp_rev_cbe_10253,user_ethiopia_744,Very dependable mobile banking system for daily financial operations.,5,5,2024-12-08,CBE,Google Play,very dependable mobile banking system for daily financial operations,False,False,False,General Account Management,0.0,Neutral
gp_rev_cbe_10254,user_ethiopia_607,I keep getting a login error and the application crashes repeatedly on launch.,1,8,2024-09-13,CBE,Google Play,i keep getting a login error and the application crashes repeatedly on launch,False,False,True,Authentication & Server Bugs,-0.4019,Negative
gp_rev_cbe_10255,user_ethiopia_631,The interface hangs on the processing screen when checking my balance. Please optimize.,2,7,2026-02-02,CBE,Google Play,the interface hangs on the processing screen when checking my balance please optimize,True,False,False,Performance & Transfer Delays,0.6705,Positive
gp_rev_cbe_10256,user_ethiopia_280,The interface hangs on the processing screen when checking my balance. Please optimize.,2,24,2026-04-04,CBE,Google Play,the interface hangs on the processing screen when checking my balance please optimize,True,False,False,Performance & Transfer Delays,0.6705,Positive
gp_rev_cbe_10257,user_ethiopia_767,The app is so slow during transfers. It takes forever to load my account balance.,2,22,2025-02-02,CBE,Google Play,the app is so slow during transfers it takes forever to load my account balance,True,False,False,Performance & Transfer Delays,0.0,Neutral
gp_rev_cbe_10258,user_ethiopia_687,The system fails to send the OTP code. I cannot access my wallet or complete transactions.,1,7,2024-07-22,CBE,Google Play,the system fails to send the otp code i cannot access my wallet or complete transactions,False,False,True,Authentication & Server Bugs,-0.4215,Negative
gp_rev_cbe_10259,user_ethiopia_971,Great interface! Please add fingerprint login or biometric support for security.,4,23,2024-08-07,CBE,Google Play,great interface please add fingerprint login or biometric support for security,False,True,True,Mobile App Feature Request,0.8955,Positive
gp_rev_cbe_10260,user_ethiopia_230,Very dependable mobile banking system for daily financial operations.,5,11,2025-10-04,CBE,Google Play,very dependable mobile banking system for daily financial operations,False,False,False,General Account Management,0.0,Neutral
gp_rev_cbe_10261,user_ethiopia_594,The app is so slow during transfers. It takes forever to load my account balance.,2,8,2026-01-30,CBE,Google Play,the app is so slow during transfers it takes forever to load my account balance,True,False,False,Performance & Transfer Delays,0.0,Neutral
gp_rev_cbe_10262,user_ethiopia_692,"Excellent update, transfers are fast and easy to navigate.",5,4,2024-12-03,CBE,Google Play,excellent update transfers are fast and easy to navigate,True,False,False,General Account Management,0.765,Positive
gp_rev_cbe_10263,user_ethiopia_158,Extremely slow loading times when making instant payments to other banks.,1,11,2025-02-11,CBE,Google Play,extremely slow loading times when making instant payments to other banks,True,False,False,Performance & Transfer Delays,0.0,Neutral
gp_rev_cbe_10264,user_ethiopia_257,"I really love using this app, but we need budgeting tools and dark mode features ASAP.",4,17,2024-11-12,CBE,Google Play,i really love using this app but we need budgeting tools and dark mode features asap,False,True,False,Mobile App Feature Request,0.4111,Positive
gp_rev_cbe_10265,user_ethiopia_949,I keep getting a login error and the application crashes repeatedly on launch.,1,5,2025-02-19,CBE,Google Play,i keep getting a login error and the application crashes repeatedly on launch,False,False,True,Authentication & Server Bugs,-0.4019,Negative
gp_rev_cbe_10266,user_ethiopia_469,"I really love using this app, but we need budgeting tools and dark mode features ASAP.",4,11,2025-08-16,CBE,Google Play,i really love using this app but we need budgeting tools and dark mode features asap,False,True,False,Mobile App Feature Request,0.4111,Positive
gp_rev_cbe_10267,user_ethiopia_152,Great interface! Please add fingerprint login or biometric support for security.,4,20,2025-11-21,CBE,Google Play,great interface please add fingerprint login or biometric support for security,False,True,True,Mobile App Feature Request,0.8955,Positive
gp_rev_cbe_10268,user_ethiopia_130,Extremely slow loading times when making instant payments to other banks.,1,4,2025-02-27,CBE,Google Play,extremely slow loading times when making instant payments to other banks,True,False,False,Performance & Transfer Delays,0.0,Neutral
gp_rev_cbe_10269,user_ethiopia_346,I keep getting a login error and the application crashes repeatedly on launch.,1,12,2024-10-09,CBE,Google Play,i keep getting a login error and the application crashes repeatedly on launch,False,False,True,Authentication & Server Bugs,-0.4019,Negative
gp_rev_cbe_10270,user_ethiopia_415,Extremely slow loading times when making instant payments to other banks.,1,6,2025-01-14,CBE,Google Play,extremely slow loading times when making instant payments to other banks,True,False,False,Performance & Transfer Delays,0.0,Neutral
gp_rev_cbe_10271,user_ethiopia_774,"I really love using this app, but we need budgeting tools and dark mode features ASAP.",4,6,2026-05-07,CBE,Google Play,i really love using this app but we need budgeting tools and dark mode features asap,False,True,False,Mobile App Feature Request,0.4111,Positive
gp_rev_cbe_10272,user_ethiopia_615,Great interface! Please add fingerprint login or biometric support for security.,4,14,2025-05-05,CBE,Google Play,great interface please add fingerprint login or biometric support for security,False,True,True,Mobile App Feature Request,0.8955,Positive
gp_rev_cbe_10273,user_ethiopia_887,"Excellent update, transfers are fast and easy to navigate.",5,25,2026-01-05,CBE,Google Play,excellent update transfers are fast and easy to navigate,True,False,False,General Account Management,0.765,Positive
gp_rev_cbe_10274,user_ethiopia_419,The app is so slow during transfers. It takes forever to load my account balance.,2,12,2025-05-05,CBE,Google Play,the app is so slow during transfers it takes forever to load my account balance,True,False,False,Performance & Transfer Delays,0.0,Neutral
gp_rev_cbe_10275,user_ethiopia_890,The system fails to send the OTP code. I cannot access my wallet or complete transactions.,1,21,2026-01-01,CBE,Google Play,the system fails to send the otp code i cannot access my wallet or complete transactions,False,False,True,Authentication & Server Bugs,-0.4215,Negative
gp_rev_cbe_10276,user_ethiopia_123,Smooth transactions. I highly recommend adding a fingerprint scanner feature.,5,11,2024-10-10,CBE,Google Play,smooth transactions i highly recommend adding a fingerprint scanner feature,False,True,False,Mobile App Feature Request,0.4201,Positive
gp_rev_cbe_10277,user_ethiopia_163,"Excellent update, transfers are fast and easy to navigate.",5,11,2025-01-08,CBE,Google Play,excellent update transfers are fast and easy to navigate,True,False,False,General Account Management,0.765,Positive
gp_rev_cbe_10278,user_ethiopia_166,The interface hangs on the processing screen when checking my balance. Please optimize.,2,13,2024-08-16,CBE,Google Play,the interface hangs on the processing screen when checking my balance please optimize,True,False,False,Performance & Transfer Delays,0.6705,Positive
gp_rev_cbe_10279,user_ethiopia_122,"Excellent update, transfers are fast and easy to navigate.",5,18,2024-08-16,CBE,Google Play,excellent update transfers are fast and easy to navigate,True,False,False,General Account Management,0.765,Positive
gp_rev_cbe_10280,user_ethiopia_954,"I really love using this app, but we need budgeting tools and dark mode features ASAP.",4,8,2025-12-16,CBE,Google Play,i really love using this app but we need budgeting tools and dark mode features asap,False,True,False,Mobile App Feature Request,0.4111,Positive
gp_rev_cbe_10281,user_ethiopia_735,"Excellent update, transfers are fast and easy to navigate.",5,1,2026-04-07,CBE,Google Play,excellent update transfers are fast and easy to navigate,True,False,False,General Account Management,0.765,Positive
gp_rev_cbe_10282,user_ethiopia_529,"Excellent update, transfers are fast and easy to navigate.",5,15,2024-10-11,CBE,Google Play,excellent update transfers are fast and easy to navigate,True,False,False,General Account Management,0.765,Positive
gp_rev_cbe_10283,user_ethiopia_213,Very dependable mobile banking system for daily financial operations.,5,11,2025-05-23,CBE,Google Play,very dependable mobile banking system for daily financial operations,False,False,False,General Account Management,0.0,Neutral
gp_rev_cbe_10284,user_ethiopia_879,"Excellent update, transfers are fast and easy to navigate.",5,11,2024-07-20,CBE,Google Play,excellent update transfers are fast and easy to navigate,True,False,False,General Account Management,0.765,Positive
gp_rev_cbe_10285,user_ethiopia_688,Constant server communication timeout errors. Fix the customer support line.,1,25,2024-07-07,CBE,Google Play,constant server communication timeout errors fix the customer support line,False,False,True,Authentication & Server Bugs,0.0772,Positive
gp_rev_cbe_10286,user_ethiopia_837,"Excellent update, transfers are fast and easy to navigate.",5,22,2026-04-09,CBE,Google Play,excellent update transfers are fast and easy to navigate,True,False,False,General Account Management,0.765,Positive
gp_rev_cbe_10287,user_ethiopia_672,I keep getting a login error and the application crashes repeatedly on launch.,1,9,2024-07-21,CBE,Google Play,i keep getting a login error and the application crashes repeatedly on launch,False,False,True,Authentication & Server Bugs,-0.4019,Negative
gp_rev_cbe_10288,user_ethiopia_688,Extremely slow loading times when making instant payments to other banks.,1,9,2024-12-01,CBE,Google Play,extremely slow loading times when making instant payments to other banks,True,False,False,Performance & Transfer Delays,0.0,Neutral
gp_rev_cbe_10289,user_ethiopia_419,The interface hangs on the processing screen when checking my balance. Please optimize.,2,5,2025-07-30,CBE,Google Play,the interface hangs on the processing screen when checking my balance please optimize,True,False,False,Performance & Transfer Delays,0.6705,Positive
gp_rev_cbe_10290,user_ethiopia_830,The interface hangs on the processing screen when checking my balance. Please optimize.,2,6,2025-02-15,CBE,Google Play,the interface hangs on the processing screen when checking my balance please optimize,True,False,False,Performance & Transfer Delays,0.6705,Positive
gp_rev_cbe_10291,user_ethiopia_443,Very dependable mobile banking system for daily financial operations.,5,17,2024-11-27,CBE,Google Play,very dependable mobile banking system for daily financial operations,False,False,False,General Account Management,0.0,Neutral
gp_rev_cbe_10292,user_ethiopia_393,"I really love using this app, but we need budgeting tools and dark mode features ASAP.",4,7,2026-03-06,CBE,Google Play,i really love using this app but we need budgeting tools and dark mode features asap,False,True,False,Mobile App Feature Request,0.4111,Positive
gp_rev_cbe_10293,user_ethiopia_375,Constant server communication timeout errors. Fix the customer support line.,1,20,2026-01-12,CBE,Google Play,constant server communication timeout errors fix the customer support line,False,False,True,Authentication & Server Bugs,0.0772,Positive
gp_rev_cbe_10294,user_ethiopia_891,Very dependable mobile banking system for daily financial operations.,5,24,2026-03-17,CBE,Google Play,very dependable mobile banking system for daily financial operations,False,False,False,General Account Management,0.0,Neutral
gp_rev_cbe_10295,user_ethiopia_617,Great interface! Please add fingerprint login or biometric support for security.,4,15,2024-10-31,CBE,Google Play,great interface please add fingerprint login or biometric support for security,False,True,True,Mobile App Feature Request,0.8955,Positive
gp_rev_cbe_10296,user_ethiopia_736,"I really love using this app, but we need budgeting tools and dark mode features ASAP.",4,18,2025-10-08,CBE,Google Play,i really love using this app but we need budgeting tools and dark mode features asap,False,True,False,Mobile App Feature Request,0.4111,Positive
gp_rev_cbe_10297,user_ethiopia_245,Extremely slow loading times when making instant payments to other banks.,1,24,2025-02-17,CBE,Google Play,extremely slow loading times when making instant payments to other banks,True,False,False,Performance & Transfer Delays,0.0,Neutral
gp_rev_cbe_10298,user_ethiopia_203,"Excellent update, transfers are fast and easy to navigate.",5,23,2024-08-11,CBE,Google Play,excellent update transfers are fast and easy to navigate,True,False,False,General Account Management,0.765,Positive
gp_rev_cbe_10299,user_ethiopia_235,Extremely slow loading times when making instant payments to other banks.,1,5,2026-01-17,CBE,Google Play,extremely slow loading times when making instant payments to other banks,True,False,False,Performance & Transfer Delays,0.0,Neutral
gp_rev_cbe_10300,user_ethiopia_321,Very dependable mobile banking system for daily financial operations.,5,6,2026-04-30,CBE,Google Play,very dependable mobile banking system for daily financial operations,False,False,False,General Account Management,0.0,Neutral
gp_rev_cbe_10301,user_ethiopia_722,The system fails to send the OTP code. I cannot access my wallet or complete transactions.,1,6,2025-12-12,CBE,Google Play,the system fails to send the otp code i cannot access my wallet or complete transactions,False,False,True,Authentication & Server Bugs,-0.4215,Negative
gp_rev_cbe_10302,user_ethiopia_269,"Excellent update, transfers are fast and easy to navigate.",5,15,2024-07-03,CBE,Google Play,excellent update transfers are fast and easy to navigate,True,False,False,General Account Management,0.765,Positive
gp_rev_cbe_10303,user_ethiopia_535,I keep getting a login error and the application crashes repeatedly on launch.,1,17,2025-04-22,CBE,Google Play,i keep getting a login error and the application crashes repeatedly on launch,False,False,True,Authentication & Server Bugs,-0.4019,Negative
gp_rev_cbe_10304,user_ethiopia_989,Very dependable mobile banking system for daily financial operations.,5,17,2026-02-12,CBE,Google Play,very dependable mobile banking system for daily financial operations,False,False,False,General Account Management,0.0,Neutral
gp_rev_cbe_10305,user_ethiopia_735,Extremely slow loading times when making instant payments to other banks.,1,2,2025-06-17,CBE,Google Play,extremely slow loading times when making instant payments to other banks,True,False,False,Performance & Transfer Delays,0.0,Neutral
gp_rev_cbe_10306,user_ethiopia_476,The interface hangs on the processing screen when checking my balance. Please optimize.,2,0,2025-12-04,CBE,Google Play,the interface hangs on the processing screen when checking my balance please optimize,True,False,False,Performance & Transfer Delays,0.6705,Positive
gp_rev_cbe_10307,user_ethiopia_894,Extremely slow loading times when making instant payments to other banks.,1,18,2025-05-03,CBE,Google Play,extremely slow loading times when making instant payments to other banks,True,False,False,Performance & Transfer Delays,0.0,Neutral
gp_rev_cbe_10308,user_ethiopia_921,Extremely slow loading times when making instant payments to other banks.,1,8,2024-12-20,CBE,Google Play,extremely slow loading times when making instant payments to other banks,True,False,False,Performance & Transfer Delays,0.0,Neutral
gp_rev_cbe_10309,user_ethiopia_664,The system fails to send the OTP code. I cannot access my wallet or complete transactions.,1,8,2026-04-13,CBE,Google Play,the system fails to send the otp code i cannot access my wallet or complete transactions,False,False,True,Authentication & Server Bugs,-0.4215,Negative
gp_rev_cbe_10310,user_ethiopia_248,Constant server communication timeout errors. Fix the customer support line.,1,15,2025-11-22,CBE,Google Play,constant server communication timeout errors fix the customer support line,False,False,True,Authentication & Server Bugs,0.0772,Positive
gp_rev_cbe_10311,user_ethiopia_969,"I really love using this app, but we need budgeting tools and dark mode features ASAP.",4,10,2024-06-27,CBE,Google Play,i really love using this app but we need budgeting tools and dark mode features asap,False,True,False,Mobile App Feature Request,0.4111,Positive
gp_rev_cbe_10312,user_ethiopia_146,Extremely slow loading times when making instant payments to other banks.,1,19,2024-11-19,CBE,Google Play,extremely slow loading times when making instant payments to other banks,True,False,False,Performance & Transfer Delays,0.0,Neutral
gp_rev_cbe_10313,user_ethiopia_393,Extremely slow loading times when making instant payments to other banks.,1,12,2024-11-01,CBE,Google Play,extremely slow loading times when making instant payments to other banks,True,False,False,Performance & Transfer Delays,0.0,Neutral
gp_rev_cbe_10314,user_ethiopia_768,Constant server communication timeout errors. Fix the customer support line.,1,9,2026-03-24,CBE,Google Play,constant server communication timeout errors fix the customer support line,False,False,True,Authentication & Server Bugs,0.0772,Positive
gp_rev_cbe_10315,user_ethiopia_243,Very dependable mobile banking system for daily financial operations.,5,25,2024-09-19,CBE,Google Play,very dependable mobile banking system for daily financial operations,False,False,False,General Account Management,0.0,Neutral
gp_rev_cbe_10316,user_ethiopia_223,The interface hangs on the processing screen when checking my balance. Please optimize.,2,15,2025-08-05,CBE,Google Play,the interface hangs on the processing screen when checking my balance please optimize,True,False,False,Performance & Transfer Delays,0.6705,Positive
gp_rev_cbe_10317,user_ethiopia_801,The interface hangs on the processing screen when checking my balance. Please optimize.,2,12,2025-10-19,CBE,Google Play,the interface hangs on the processing screen when checking my balance please optimize,True,False,False,Performance & Transfer Delays,0.6705,Positive
gp_rev_cbe_10318,user_ethiopia_345,"I really love using this app, but we need budgeting tools and dark mode features ASAP.",4,8,2024-12-18,CBE,Google Play,i really love using this app but we need budgeting tools and dark mode features asap,False,True,False,Mobile App Feature Request,0.4111,Positive
gp_rev_cbe_10319,user_ethiopia_791,The system fails to send the OTP code. I cannot access my wallet or complete transactions.,1,15,2025-10-16,CBE,Google Play,the system fails to send the otp code i cannot access my wallet or complete transactions,False,False,True,Authentication & Server Bugs,-0.4215,Negative
gp_rev_cbe_10320,user_ethiopia_773,I keep getting a login error and the application crashes repeatedly on launch.,1,2,2024-06-17,CBE,Google Play,i keep getting a login error and the application crashes repeatedly on launch,False,False,True,Authentication & Server Bugs,-0.4019,Negative
gp_rev_cbe_10321,user_ethiopia_101,Extremely slow loading times when making instant payments to other banks.,1,16,2025-08-17,CBE,Google Play,extremely slow loading times when making instant payments to other banks,True,False,False,Performance & Transfer Delays,0.0,Neutral
gp_rev_cbe_10322,user_ethiopia_781,Smooth transactions. I highly recommend adding a fingerprint scanner feature.,5,0,2026-03-08,CBE,Google Play,smooth transactions i highly recommend adding a fingerprint scanner feature,False,True,False,Mobile App Feature Request,0.4201,Positive
gp_rev_cbe_10323,user_ethiopia_346,Smooth transactions. I highly recommend adding a fingerprint scanner feature.,5,1,2024-12-10,CBE,Google Play,smooth transactions i highly recommend adding a fingerprint scanner feature,False,True,False,Mobile App Feature Request,0.4201,Positive
gp_rev_cbe_10324,user_ethiopia_568,Great interface! Please add fingerprint login or biometric support for security.,4,12,2026-01-05,CBE,Google Play,great interface please add fingerprint login or biometric support for security,False,True,True,Mobile App Feature Request,0.8955,Positive
gp_rev_cbe_10325,user_ethiopia_642,Very dependable mobile banking system for daily financial operations.,5,2,2024-08-14,CBE,Google Play,very dependable mobile banking system for daily financial operations,False,False,False,General Account Management,0.0,Neutral
gp_rev_cbe_10326,user_ethiopia_406,"Excellent update, transfers are fast and easy to navigate.",5,19,2025-12-25,CBE,Google Play,excellent update transfers are fast and easy to navigate,True,False,False,General Account Management,0.765,Positive
gp_rev_cbe_10327,user_ethiopia_468,"I really love using this app, but we need budgeting tools and dark mode features ASAP.",4,8,2025-01-10,CBE,Google Play,i really love using this app but we need budgeting tools and dark mode features asap,False,True,False,Mobile App Feature Request,0.4111,Positive
gp_rev_cbe_10328,user_ethiopia_435,The app is so slow during transfers. It takes forever to load my account balance.,2,25,2024-10-27,CBE,Google Play,the app is so slow during transfers it takes forever to load my account balance,True,False,False,Performance & Transfer Delays,0.0,Neutral
gp_rev_cbe_10329,user_ethiopia_941,Extremely slow loading times when making instant payments to other banks.,1,12,2025-11-22,CBE,Google Play,extremely slow loading times when making instant payments to other banks,True,False,False,Performance & Transfer Delays,0.0,Neutral
gp_rev_cbe_10330,user_ethiopia_804,The app is so slow during transfers. It takes forever to load my account balance.,2,11,2024-07-02,CBE,Google Play,the app is so slow during transfers it takes forever to load my account balance,True,False,False,Performance & Transfer Delays,0.0,Neutral
gp_rev_cbe_10331,user_ethiopia_481,The interface hangs on the processing screen when checking my balance. Please optimize.,2,5,2025-09-04,CBE,Google Play,the interface hangs on the processing screen when checking my balance please optimize,True,False,False,Performance & Transfer Delays,0.6705,Positive
gp_rev_cbe_10332,user_ethiopia_824,I keep getting a login error and the application crashes repeatedly on launch.,1,3,2025-05-04,CBE,Google Play,i keep getting a login error and the application crashes repeatedly on launch,False,False,True,Authentication & Server Bugs,-0.4019,Negative
gp_rev_cbe_10333,user_ethiopia_257,"Excellent update, transfers are fast and easy to navigate.",5,2,2024-11-11,CBE,Google Play,excellent update transfers are fast and easy to navigate,True,False,False,General Account Management,0.765,Positive
gp_rev_cbe_10334,user_ethiopia_387,Constant server communication timeout errors. Fix the customer support line.,1,14,2025-03-22,CBE,Google Play,constant server communication timeout errors fix the customer support line,False,False,True,Authentication & Server Bugs,0.0772,Positive
gp_rev_cbe_10335,user_ethiopia_596,The system fails to send the OTP code. I cannot access my wallet or complete transactions.,1,0,2025-09-24,CBE,Google Play,the system fails to send the otp code i cannot access my wallet or complete transactions,False,False,True,Authentication & Server Bugs,-0.4215,Negative
gp_rev_cbe_10336,user_ethiopia_519,Constant server communication timeout errors. Fix the customer support line.,1,17,2024-07-07,CBE,Google Play,constant server communication timeout errors fix the customer support line,False,False,True,Authentication & Server Bugs,0.0772,Positive
gp_rev_cbe_10337,user_ethiopia_704,Very dependable mobile banking system for daily financial operations.,5,15,2025-12-02,CBE,Google Play,very dependable mobile banking system for daily financial operations,False,False,False,General Account Management,0.0,Neutral
gp_rev_cbe_10338,user_ethiopia_931,Extremely slow loading times when making instant payments to other banks.,1,0,2026-02-25,CBE,Google Play,extremely slow loading times when making instant payments to other banks,True,False,False,Performance & Transfer Delays,0.0,Neutral
gp_rev_cbe_10339,user_ethiopia_236,The app is so slow during transfers. It takes forever to load my account balance.,2,10,2025-05-20,CBE,Google Play,the app is so slow during transfers it takes forever to load my account balance,True,False,False,Performance & Transfer Delays,0.0,Neutral
gp_rev_cbe_10340,user_ethiopia_738,The interface hangs on the processing screen when checking my balance. Please optimize.,2,13,2024-07-27,CBE,Google Play,the interface hangs on the processing screen when checking my balance please optimize,True,False,False,Performance & Transfer Delays,0.6705,Positive
gp_rev_cbe_10341,user_ethiopia_520,The app is so slow during transfers. It takes forever to load my account balance.,2,0,2026-03-02,CBE,Google Play,the app is so slow during transfers it takes forever to load my account balance,True,False,False,Performance & Transfer Delays,0.0,Neutral
gp_rev_cbe_10342,user_ethiopia_756,Great interface! Please add fingerprint login or biometric support for security.,4,21,2026-04-24,CBE,Google Play,great interface please add fingerprint login or biometric support for security,False,True,True,Mobile App Feature Request,0.8955,Positive
gp_rev_cbe_10343,user_ethiopia_884,Constant server communication timeout errors. Fix the customer support line.,1,2,2025-06-30,CBE,Google Play,constant server communication timeout errors fix the customer support line,False,False,True,Authentication & Server Bugs,0.0772,Positive
gp_rev_cbe_10344,user_ethiopia_589,Very dependable mobile banking system for daily financial operations.,5,20,2025-05-28,CBE,Google Play,very dependable mobile banking system for daily financial operations,False,False,False,General Account Management,0.0,Neutral
gp_rev_cbe_10345,user_ethiopia_185,Very dependable mobile banking system for daily financial operations.,5,17,2024-11-04,CBE,Google Play,very dependable mobile banking system for daily financial operations,False,False,False,General Account Management,0.0,Neutral
gp_rev_cbe_10346,user_ethiopia_956,The system fails to send the OTP code. I cannot access my wallet or complete transactions.,1,6,2025-11-29,CBE,Google Play,the system fails to send the otp code i cannot access my wallet or complete transactions,False,False,True,Authentication & Server Bugs,-0.4215,Negative
gp_rev_cbe_10347,user_ethiopia_620,"Excellent update, transfers are fast and easy to navigate.",5,6,2026-02-15,CBE,Google Play,excellent update transfers are fast and easy to navigate,True,False,False,General Account Management,0.765,Positive
gp_rev_cbe_10348,user_ethiopia_938,The app is so slow during transfers. It takes forever to load my account balance.,2,16,2025-08-26,CBE,Google Play,the app is so slow during transfers it takes forever to load my account balance,True,False,False,Performance & Transfer Delays,0.0,Neutral
gp_rev_cbe_10349,user_ethiopia_850,"I really love using this app, but we need budgeting tools and dark mode features ASAP.",4,13,2025-12-14,CBE,Google Play,i really love using this app but we need budgeting tools and dark mode features asap,False,True,False,Mobile App Feature Request,0.4111,Positive
gp_rev_cbe_10350,user_ethiopia_599,The app is so slow during transfers. It takes forever to load my account balance.,2,21,2025-08-05,CBE,Google Play,the app is so slow during transfers it takes forever to load my account balance,True,False,False,Performance & Transfer Delays,0.0,Neutral
gp_rev_cbe_10351,user_ethiopia_271,Constant server communication timeout errors. Fix the customer support line.,1,20,2024-10-26,CBE,Google Play,constant server communication timeout errors fix the customer support line,False,False,True,Authentication & Server Bugs,0.0772,Positive
gp_rev_cbe_10352,user_ethiopia_550,Smooth transactions. I highly recommend adding a fingerprint scanner feature.,5,6,2025-06-05,CBE,Google Play,smooth transactions i highly recommend adding a fingerprint scanner feature,False,True,False,Mobile App Feature Request,0.4201,Positive
gp_rev_cbe_10353,user_ethiopia_227,"I really love using this app, but we need budgeting tools and dark mode features ASAP.",4,11,2025-11-24,CBE,Google Play,i really love using this app but we need budgeting tools and dark mode features asap,False,True,False,Mobile App Feature Request,0.4111,Positive
gp_rev_cbe_10354,user_ethiopia_978,The interface hangs on the processing screen when checking my balance. Please optimize.,2,17,2025-02-12,CBE,Google Play,the interface hangs on the processing screen when checking my balance please optimize,True,False,False,Performance & Transfer Delays,0.6705,Positive
gp_rev_cbe_10355,user_ethiopia_263,The app is so slow during transfers. It takes forever to load my account balance.,2,7,2024-07-25,CBE,Google Play,the app is so slow during transfers it takes forever to load my account balance,True,False,False,Performance & Transfer Delays,0.0,Neutral
gp_rev_cbe_10356,user_ethiopia_372,The interface hangs on the processing screen when checking my balance. Please optimize.,2,23,2024-09-22,CBE,Google Play,the interface hangs on the processing screen when checking my balance please optimize,True,False,False,Performance & Transfer Delays,0.6705,Positive
gp_rev_cbe_10357,user_ethiopia_340,The interface hangs on the processing screen when checking my balance. Please optimize.,2,22,2025-10-20,CBE,Google Play,the interface hangs on the processing screen when checking my balance please optimize,True,False,False,Performance & Transfer Delays,0.6705,Positive
gp_rev_cbe_10358,user_ethiopia_612,"I really love using this app, but we need budgeting tools and dark mode features ASAP.",4,23,2024-12-27,CBE,Google Play,i really love using this app but we need budgeting tools and dark mode features asap,False,True,False,Mobile App Feature Request,0.4111,Positive
gp_rev_cbe_10359,user_ethiopia_815,Extremely slow loading times when making instant payments to other banks.,1,18,2025-12-05,CBE,Google Play,extremely slow loading times when making instant payments to other banks,True,False,False,Performance & Transfer Delays,0.0,Neutral
gp_rev_cbe_10360,user_ethiopia_238,"I really love using this app, but we need budgeting tools and dark mode features ASAP.",4,21,2025-04-01,CBE,Google Play,i really love using this app but we need budgeting tools and dark mode features asap,False,True,False,Mobile App Feature Request,0.4111,Positive
gp_rev_cbe_10361,user_ethiopia_399,"I really love using this app, but we need budgeting tools and dark mode features ASAP.",4,21,2026-04-18,CBE,Google Play,i really love using this app but we need budgeting tools and dark mode features asap,False,True,False,Mobile App Feature Request,0.4111,Positive
gp_rev_cbe_10362,user_ethiopia_963,The app is so slow during transfers. It takes forever to load my account balance.,2,17,2024-07-06,CBE,Google Play,the app is so slow during transfers it takes forever to load my account balance,True,False,False,Performance & Transfer Delays,0.0,Neutral
gp_rev_cbe_10363,user_ethiopia_564,Extremely slow loading times when making instant payments to other banks.,1,0,2025-07-29,CBE,Google Play,extremely slow loading times when making instant payments to other banks,True,False,False,Performance & Transfer Delays,0.0,Neutral
gp_rev_cbe_10364,user_ethiopia_793,The system fails to send the OTP code. I cannot access my wallet or complete transactions.,1,15,2024-10-13,CBE,Google Play,the system fails to send the otp code i cannot access my wallet or complete transactions,False,False,True,Authentication & Server Bugs,-0.4215,Negative
gp_rev_cbe_10365,user_ethiopia_261,Very dependable mobile banking system for daily financial operations.,5,12,2025-02-26,CBE,Google Play,very dependable mobile banking system for daily financial operations,False,False,False,General Account Management,0.0,Neutral
gp_rev_cbe_10366,user_ethiopia_453,Great interface! Please add fingerprint login or biometric support for security.,4,9,2025-07-29,CBE,Google Play,great interface please add fingerprint login or biometric support for security,False,True,True,Mobile App Feature Request,0.8955,Positive
gp_rev_cbe_10367,user_ethiopia_401,"I really love using this app, but we need budgeting tools and dark mode features ASAP.",4,8,2025-04-19,CBE,Google Play,i really love using this app but we need budgeting tools and dark mode features asap,False,True,False,Mobile App Feature Request,0.4111,Positive
gp_rev_cbe_10368,user_ethiopia_428,"I really love using this app, but we need budgeting tools and dark mode features ASAP.",4,25,2025-11-23,CBE,Google Play,i really love using this app but we need budgeting tools and dark mode features asap,False,True,False,Mobile App Feature Request,0.4111,Positive
gp_rev_cbe_10369,user_ethiopia_878,Constant server communication timeout errors. Fix the customer support line.,1,8,2025-10-16,CBE,Google Play,constant server communication timeout errors fix the customer support line,False,False,True,Authentication & Server Bugs,0.0772,Positive
gp_rev_cbe_10370,user_ethiopia_442,I keep getting a login error and the application crashes repeatedly on launch.,1,15,2026-04-24,CBE,Google Play,i keep getting a login error and the application crashes repeatedly on launch,False,False,True,Authentication & Server Bugs,-0.4019,Negative
gp_rev_cbe_10371,user_ethiopia_567,"I really love using this app, but we need budgeting tools and dark mode features ASAP.",4,19,2024-12-02,CBE,Google Play,i really love using this app but we need budgeting tools and dark mode features asap,False,True,False,Mobile App Feature Request,0.4111,Positive
gp_rev_cbe_10372,user_ethiopia_868,The system fails to send the OTP code. I cannot access my wallet or complete transactions.,1,22,2025-06-08,CBE,Google Play,the system fails to send the otp code i cannot access my wallet or complete transactions,False,False,True,Authentication & Server Bugs,-0.4215,Negative
gp_rev_cbe_10373,user_ethiopia_526,Extremely slow loading times when making instant payments to other banks.,1,24,2024-07-06,CBE,Google Play,extremely slow loading times when making instant payments to other banks,True,False,False,Performance & Transfer Delays,0.0,Neutral
gp_rev_cbe_10374,user_ethiopia_791,Constant server communication timeout errors. Fix the customer support line.,1,14,2025-02-13,CBE,Google Play,constant server communication timeout errors fix the customer support line,False,False,True,Authentication & Server Bugs,0.0772,Positive
gp_rev_cbe_10375,user_ethiopia_586,Great interface! Please add fingerprint login or biometric support for security.,4,1,2026-03-17,CBE,Google Play,great interface please add fingerprint login or biometric support for security,False,True,True,Mobile App Feature Request,0.8955,Positive
gp_rev_cbe_10376,user_ethiopia_231,The system fails to send the OTP code. I cannot access my wallet or complete transactions.,1,11,2024-11-19,CBE,Google Play,the system fails to send the otp code i cannot access my wallet or complete transactions,False,False,True,Authentication & Server Bugs,-0.4215,Negative
gp_rev_cbe_10377,user_ethiopia_622,The app is so slow during transfers. It takes forever to load my account balance.,2,14,2025-05-17,CBE,Google Play,the app is so slow during transfers it takes forever to load my account balance,True,False,False,Performance & Transfer Delays,0.0,Neutral
gp_rev_cbe_10378,user_ethiopia_231,Very dependable mobile banking system for daily financial operations.,5,25,2024-11-09,CBE,Google Play,very dependable mobile banking system for daily financial operations,False,False,False,General Account Management,0.0,Neutral
gp_rev_cbe_10379,user_ethiopia_805,The system fails to send the OTP code. I cannot access my wallet or complete transactions.,1,2,2025-05-21,CBE,Google Play,the system fails to send the otp code i cannot access my wallet or complete transactions,False,False,True,Authentication & Server Bugs,-0.4215,Negative
gp_rev_cbe_10380,user_ethiopia_692,The app is so slow during transfers. It takes forever to load my account balance.,2,13,2024-10-30,CBE,Google Play,the app is so slow during transfers it takes forever to load my account balance,True,False,False,Performance & Transfer Delays,0.0,Neutral
gp_rev_cbe_10381,user_ethiopia_817,The app is so slow during transfers. It takes forever to load my account balance.,2,0,2026-02-14,CBE,Google Play,the app is so slow during transfers it takes forever to load my account balance,True,False,False,Performance & Transfer Delays,0.0,Neutral
gp_rev_cbe_10382,user_ethiopia_163,I keep getting a login error and the application crashes repeatedly on launch.,1,24,2025-04-20,CBE,Google Play,i keep getting a login error and the application crashes repeatedly on launch,False,False,True,Authentication & Server Bugs,-0.4019,Negative
gp_rev_cbe_10383,user_ethiopia_660,"I really love using this app, but we need budgeting tools and dark mode features ASAP.",4,11,2025-03-05,CBE,Google Play,i really love using this app but we need budgeting tools and dark mode features asap,False,True,False,Mobile App Feature Request,0.4111,Positive
gp_rev_cbe_10384,user_ethiopia_806,Great interface! Please add fingerprint login or biometric support for security.,4,7,2025-06-17,CBE,Google Play,great interface please add fingerprint login or biometric support for security,False,True,True,Mobile App Feature Request,0.8955,Positive
gp_rev_cbe_10385,user_ethiopia_344,Great interface! Please add fingerprint login or biometric support for security.,4,1,2025-06-19,CBE,Google Play,great interface please add fingerprint login or biometric support for security,False,True,True,Mobile App Feature Request,0.8955,Positive
gp_rev_cbe_10386,user_ethiopia_348,The system fails to send the OTP code. I cannot access my wallet or complete transactions.,1,6,2025-04-25,CBE,Google Play,the system fails to send the otp code i cannot access my wallet or complete transactions,False,False,True,Authentication & Server Bugs,-0.4215,Negative
gp_rev_cbe_10387,user_ethiopia_287,"I really love using this app, but we need budgeting tools and dark mode features ASAP.",4,2,2025-06-04,CBE,Google Play,i really love using this app but we need budgeting tools and dark mode features asap,False,True,False,Mobile App Feature Request,0.4111,Positive
gp_rev_cbe_10388,user_ethiopia_925,The app is so slow during transfers. It takes forever to load my account balance.,2,15,2025-05-17,CBE,Google Play,the app is so slow during transfers it takes forever to load my account balance,True,False,False,Performance & Transfer Delays,0.0,Neutral
gp_rev_cbe_10389,user_ethiopia_720,Great interface! Please add fingerprint login or biometric support for security.,4,2,2024-09-01,CBE,Google Play,great interface please add fingerprint login or biometric support for security,False,True,True,Mobile App Feature Request,0.8955,Positive
gp_rev_cbe_10390,user_ethiopia_410,The app is so slow during transfers. It takes forever to load my account balance.,2,20,2025-01-07,CBE,Google Play,the app is so slow during transfers it takes forever to load my account balance,True,False,False,Performance & Transfer Delays,0.0,Neutral
gp_rev_cbe_10391,user_ethiopia_647,Very dependable mobile banking system for daily financial operations.,5,0,2024-10-15,CBE,Google Play,very dependable mobile banking system for daily financial operations,False,False,False,General Account Management,0.0,Neutral
gp_rev_cbe_10392,user_ethiopia_851,Very dependable mobile banking system for daily financial operations.,5,23,2024-08-12,CBE,Google Play,very dependable mobile banking system for daily financial operations,False,False,False,General Account Management,0.0,Neutral
gp_rev_cbe_10393,user_ethiopia_317,Smooth transactions. I highly recommend adding a fingerprint scanner feature.,5,9,2024-06-18,CBE,Google Play,smooth transactions i highly recommend adding a fingerprint scanner feature,False,True,False,Mobile App Feature Request,0.4201,Positive
gp_rev_cbe_10394,user_ethiopia_564,Constant server communication timeout errors. Fix the customer support line.,1,1,2025-03-06,CBE,Google Play,constant server communication timeout errors fix the customer support line,False,False,True,Authentication & Server Bugs,0.0772,Positive
gp_rev_cbe_10395,user_ethiopia_762,"Excellent update, transfers are fast and easy to navigate.",5,22,2026-03-15,CBE,Google Play,excellent update transfers are fast and easy to navigate,True,False,False,General Account Management,0.765,Positive
gp_rev_cbe_10396,user_ethiopia_949,Very dependable mobile banking system for daily financial operations.,5,16,2025-06-21,CBE,Google Play,very dependable mobile banking system for daily financial operations,False,False,False,General Account Management,0.0,Neutral
gp_rev_cbe_10397,user_ethiopia_257,Very dependable mobile banking system for daily financial operations.,5,10,2024-09-23,CBE,Google Play,very dependable mobile banking system for daily financial operations,False,False,False,General Account Management,0.0,Neutral
gp_rev_cbe_10398,user_ethiopia_616,"Excellent update, transfers are fast and easy to navigate.",5,25,2024-09-07,CBE,Google Play,excellent update transfers are fast and easy to navigate,True,False,False,General Account Management,0.765,Positive
gp_rev_cbe_10399,user_ethiopia_118,I keep getting a login error and the application crashes repeatedly on launch.,1,24,2025-04-06,CBE,Google Play,i keep getting a login error and the application crashes repeatedly on launch,False,False,True,Authentication & Server Bugs,-0.4019,Negative
gp_rev_cbe_10400,user_ethiopia_264,Constant server communication timeout errors. Fix the customer support line.,1,15,2024-09-13,CBE,Google Play,constant server communication timeout errors fix the customer support line,False,False,True,Authentication & Server Bugs,0.0772,Positive
gp_rev_cbe_10401,user_ethiopia_185,The system fails to send the OTP code. I cannot access my wallet or complete transactions.,1,25,2025-10-13,CBE,Google Play,the system fails to send the otp code i cannot access my wallet or complete transactions,False,False,True,Authentication & Server Bugs,-0.4215,Negative
gp_rev_cbe_10402,user_ethiopia_497,Extremely slow loading times when making instant payments to other banks.,1,22,2025-03-13,CBE,Google Play,extremely slow loading times when making instant payments to other banks,True,False,False,Performance & Transfer Delays,0.0,Neutral
gp_rev_cbe_10403,user_ethiopia_807,Extremely slow loading times when making instant payments to other banks.,1,25,2025-06-08,CBE,Google Play,extremely slow loading times when making instant payments to other banks,True,False,False,Performance & Transfer Delays,0.0,Neutral
gp_rev_cbe_10404,user_ethiopia_510,The system fails to send the OTP code. I cannot access my wallet or complete transactions.,1,22,2025-05-28,CBE,Google Play,the system fails to send the otp code i cannot access my wallet or complete transactions,False,False,True,Authentication & Server Bugs,-0.4215,Negative
gp_rev_cbe_10405,user_ethiopia_712,Smooth transactions. I highly recommend adding a fingerprint scanner feature.,5,18,2026-01-14,CBE,Google Play,smooth transactions i highly recommend adding a fingerprint scanner feature,False,True,False,Mobile App Feature Request,0.4201,Positive
gp_rev_cbe_10406,user_ethiopia_144,The system fails to send the OTP code. I cannot access my wallet or complete transactions.,1,0,2025-02-22,CBE,Google Play,the system fails to send the otp code i cannot access my wallet or complete transactions,False,False,True,Authentication & Server Bugs,-0.4215,Negative
gp_rev_cbe_10407,user_ethiopia_258,Smooth transactions. I highly recommend adding a fingerprint scanner feature.,5,15,2025-06-30,CBE,Google Play,smooth transactions i highly recommend adding a fingerprint scanner feature,False,True,False,Mobile App Feature Request,0.4201,Positive
gp_rev_cbe_10408,user_ethiopia_231,Smooth transactions. I highly recommend adding a fingerprint scanner feature.,5,10,2024-09-24,CBE,Google Play,smooth transactions i highly recommend adding a fingerprint scanner feature,False,True,False,Mobile App Feature Request,0.4201,Positive
gp_rev_cbe_10409,user_ethiopia_932,The system fails to send the OTP code. I cannot access my wallet or complete transactions.,1,11,2024-12-08,CBE,Google Play,the system fails to send the otp code i cannot access my wallet or complete transactions,False,False,True,Authentication & Server Bugs,-0.4215,Negative
gp_rev_cbe_10410,user_ethiopia_664,The interface hangs on the processing screen when checking my balance. Please optimize.,2,6,2025-02-02,CBE,Google Play,the interface hangs on the processing screen when checking my balance please optimize,True,False,False,Performance & Transfer Delays,0.6705,Positive
gp_rev_cbe_10411,user_ethiopia_477,I keep getting a login error and the application crashes repeatedly on launch.,1,11,2024-12-21,CBE,Google Play,i keep getting a login error and the application crashes repeatedly on launch,False,False,True,Authentication & Server Bugs,-0.4019,Negative
gp_rev_cbe_10412,user_ethiopia_989,The app is so slow during transfers. It takes forever to load my account balance.,2,11,2024-06-21,CBE,Google Play,the app is so slow during transfers it takes forever to load my account balance,True,False,False,Performance & Transfer Delays,0.0,Neutral
gp_rev_cbe_10413,user_ethiopia_695,I keep getting a login error and the application crashes repeatedly on launch.,1,19,2025-08-27,CBE,Google Play,i keep getting a login error and the application crashes repeatedly on launch,False,False,True,Authentication & Server Bugs,-0.4019,Negative
gp_rev_cbe_10414,user_ethiopia_890,Very dependable mobile banking system for daily financial operations.,5,16,2024-09-11,CBE,Google Play,very dependable mobile banking system for daily financial operations,False,False,False,General Account Management,0.0,Neutral
gp_rev_cbe_10415,user_ethiopia_494,Great interface! Please add fingerprint login or biometric support for security.,4,12,2024-11-14,CBE,Google Play,great interface please add fingerprint login or biometric support for security,False,True,True,Mobile App Feature Request,0.8955,Positive
gp_rev_cbe_10416,user_ethiopia_932,Very dependable mobile banking system for daily financial operations.,5,20,2025-10-23,CBE,Google Play,very dependable mobile banking system for daily financial operations,False,False,False,General Account Management,0.0,Neutral
gp_rev_cbe_10417,user_ethiopia_154,The app is so slow during transfers. It takes forever to load my account balance.,2,14,2024-10-03,CBE,Google Play,the app is so slow during transfers it takes forever to load my account balance,True,False,False,Performance & Transfer Delays,0.0,Neutral
gp_rev_cbe_10418,user_ethiopia_768,Constant server communication timeout errors. Fix the customer support line.,1,0,2024-12-12,CBE,Google Play,constant server communication timeout errors fix the customer support line,False,False,True,Authentication & Server Bugs,0.0772,Positive
gp_rev_cbe_10419,user_ethiopia_837,"I really love using this app, but we need budgeting tools and dark mode features ASAP.",4,8,2025-05-16,CBE,Google Play,i really love using this app but we need budgeting tools and dark mode features asap,False,True,False,Mobile App Feature Request,0.4111,Positive
gp_rev_cbe_10420,user_ethiopia_742,Constant server communication timeout errors. Fix the customer support line.,1,1,2026-03-01,CBE,Google Play,constant server communication timeout errors fix the customer support line,False,False,True,Authentication & Server Bugs,0.0772,Positive
gp_rev_cbe_10421,user_ethiopia_840,The system fails to send the OTP code. I cannot access my wallet or complete transactions.,1,10,2025-08-11,CBE,Google Play,the system fails to send the otp code i cannot access my wallet or complete transactions,False,False,True,Authentication & Server Bugs,-0.4215,Negative
gp_rev_cbe_10422,user_ethiopia_260,The system fails to send the OTP code. I cannot access my wallet or complete transactions.,1,15,2025-06-27,CBE,Google Play,the system fails to send the otp code i cannot access my wallet or complete transactions,False,False,True,Authentication & Server Bugs,-0.4215,Negative
gp_rev_cbe_10423,user_ethiopia_281,I keep getting a login error and the application crashes repeatedly on launch.,1,17,2025-06-19,CBE,Google Play,i keep getting a login error and the application crashes repeatedly on launch,False,False,True,Authentication & Server Bugs,-0.4019,Negative
gp_rev_cbe_10424,user_ethiopia_600,The app is so slow during transfers. It takes forever to load my account balance.,2,20,2025-01-07,CBE,Google Play,the app is so slow during transfers it takes forever to load my account balance,True,False,False,Performance & Transfer Delays,0.0,Neutral
gp_rev_cbe_10425,user_ethiopia_383,Very dependable mobile banking system for daily financial operations.,5,2,2025-12-31,CBE,Google Play,very dependable mobile banking system for daily financial operations,False,False,False,General Account Management,0.0,Neutral
gp_rev_cbe_10426,user_ethiopia_247,I keep getting a login error and the application crashes repeatedly on launch.,1,5,2025-05-04,CBE,Google Play,i keep getting a login error and the application crashes repeatedly on launch,False,False,True,Authentication & Server Bugs,-0.4019,Negative
gp_rev_cbe_10427,user_ethiopia_298,Smooth transactions. I highly recommend adding a fingerprint scanner feature.,5,25,2026-05-07,CBE,Google Play,smooth transactions i highly recommend adding a fingerprint scanner feature,False,True,False,Mobile App Feature Request,0.4201,Positive
gp_rev_cbe_10428,user_ethiopia_827,The system fails to send the OTP code. I cannot access my wallet or complete transactions.,1,15,2024-07-25,CBE,Google Play,the system fails to send the otp code i cannot access my wallet or complete transactions,False,False,True,Authentication & Server Bugs,-0.4215,Negative
gp_rev_cbe_10429,user_ethiopia_351,Extremely slow loading times when making instant payments to other banks.,1,11,2025-08-14,CBE,Google Play,extremely slow loading times when making instant payments to other banks,True,False,False,Performance & Transfer Delays,0.0,Neutral
gp_rev_cbe_10430,user_ethiopia_504,Extremely slow loading times when making instant payments to other banks.,1,13,2026-05-03,CBE,Google Play,extremely slow loading times when making instant payments to other banks,True,False,False,Performance & Transfer Delays,0.0,Neutral
gp_rev_cbe_10431,user_ethiopia_563,The interface hangs on the processing screen when checking my balance. Please optimize.,2,15,2025-03-02,CBE,Google Play,the interface hangs on the processing screen when checking my balance please optimize,True,False,False,Performance & Transfer Delays,0.6705,Positive
gp_rev_cbe_10432,user_ethiopia_645,The system fails to send the OTP code. I cannot access my wallet or complete transactions.,1,25,2025-12-30,CBE,Google Play,the system fails to send the otp code i cannot access my wallet or complete transactions,False,False,True,Authentication & Server Bugs,-0.4215,Negative
gp_rev_cbe_10433,user_ethiopia_101,The app is so slow during transfers. It takes forever to load my account balance.,2,5,2025-05-21,CBE,Google Play,the app is so slow during transfers it takes forever to load my account balance,True,False,False,Performance & Transfer Delays,0.0,Neutral
gp_rev_cbe_10434,user_ethiopia_875,The app is so slow during transfers. It takes forever to load my account balance.,2,13,2024-11-24,CBE,Google Play,the app is so slow during transfers it takes forever to load my account balance,True,False,False,Performance & Transfer Delays,0.0,Neutral
gp_rev_cbe_10435,user_ethiopia_347,"I really love using this app, but we need budgeting tools and dark mode features ASAP.",4,16,2025-10-16,CBE,Google Play,i really love using this app but we need budgeting tools and dark mode features asap,False,True,False,Mobile App Feature Request,0.4111,Positive
gp_rev_cbe_10436,user_ethiopia_186,The app is so slow during transfers. It takes forever to load my account balance.,2,1,2025-07-12,CBE,Google Play,the app is so slow during transfers it takes forever to load my account balance,True,False,False,Performance & Transfer Delays,0.0,Neutral
gp_rev_cbe_10437,user_ethiopia_518,Great interface! Please add fingerprint login or biometric support for security.,4,21,2025-06-09,CBE,Google Play,great interface please add fingerprint login or biometric support for security,False,True,True,Mobile App Feature Request,0.8955,Positive
gp_rev_cbe_10438,user_ethiopia_557,I keep getting a login error and the application crashes repeatedly on launch.,1,22,2026-02-19,CBE,Google Play,i keep getting a login error and the application crashes repeatedly on launch,False,False,True,Authentication & Server Bugs,-0.4019,Negative
gp_rev_cbe_10439,user_ethiopia_605,Extremely slow loading times when making instant payments to other banks.,1,15,2025-10-04,CBE,Google Play,extremely slow loading times when making instant payments to other banks,True,False,False,Performance & Transfer Delays,0.0,Neutral
gp_rev_cbe_10440,user_ethiopia_488,"Excellent update, transfers are fast and easy to navigate.",5,0,2024-08-29,CBE,Google Play,excellent update transfers are fast and easy to navigate,True,False,False,General Account Management,0.765,Positive
gp_rev_cbe_10441,user_ethiopia_465,Constant server communication timeout errors. Fix the customer support line.,1,5,2024-09-13,CBE,Google Play,constant server communication timeout errors fix the customer support line,False,False,True,Authentication & Server Bugs,0.0772,Positive
gp_rev_cbe_10442,user_ethiopia_824,The system fails to send the OTP code. I cannot access my wallet or complete transactions.,1,0,2025-12-04,CBE,Google Play,the system fails to send the otp code i cannot access my wallet or complete transactions,False,False,True,Authentication & Server Bugs,-0.4215,Negative
gp_rev_cbe_10443,user_ethiopia_361,"Excellent update, transfers are fast and easy to navigate.",5,20,2024-12-06,CBE,Google Play,excellent update transfers are fast and easy to navigate,True,False,False,General Account Management,0.765,Positive
gp_rev_cbe_10444,user_ethiopia_204,"Excellent update, transfers are fast and easy to navigate.",5,15,2025-01-07,CBE,Google Play,excellent update transfers are fast and easy to navigate,True,False,False,General Account Management,0.765,Positive
gp_rev_cbe_10445,user_ethiopia_649,Very dependable mobile banking system for daily financial operations.,5,23,2025-03-18,CBE,Google Play,very dependable mobile banking system for daily financial operations,False,False,False,General Account Management,0.0,Neutral
gp_rev_cbe_10446,user_ethiopia_314,"I really love using this app, but we need budgeting tools and dark mode features ASAP.",4,6,2025-01-31,CBE,Google Play,i really love using this app but we need budgeting tools and dark mode features asap,False,True,False,Mobile App Feature Request,0.4111,Positive
gp_rev_cbe_10447,user_ethiopia_298,The interface hangs on the processing screen when checking my balance. Please optimize.,2,15,2025-10-18,CBE,Google Play,the interface hangs on the processing screen when checking my balance please optimize,True,False,False,Performance & Transfer Delays,0.6705,Positive
gp_rev_cbe_10448,user_ethiopia_877,The interface hangs on the processing screen when checking my balance. Please optimize.,2,0,2024-09-25,CBE,Google Play,the interface hangs on the processing screen when checking my balance please optimize,True,False,False,Performance & Transfer Delays,0.6705,Positive
gp_rev_cbe_10449,user_ethiopia_703,The app is so slow during transfers. It takes forever to load my account balance.,2,7,2025-06-04,CBE,Google Play,the app is so slow during transfers it takes forever to load my account balance,True,False,False,Performance & Transfer Delays,0.0,Neutral
gp_rev_cbe_10450,user_ethiopia_713,Extremely slow loading times when making instant payments to other banks.,1,3,2025-11-11,CBE,Google Play,extremely slow loading times when making instant payments to other banks,True,False,False,Performance & Transfer Delays,0.0,Neutral
gp_rev_cbe_10451,user_ethiopia_441,Smooth transactions. I highly recommend adding a fingerprint scanner feature.,5,20,2025-05-05,CBE,Google Play,smooth transactions i highly recommend adding a fingerprint scanner feature,False,True,False,Mobile App Feature Request,0.4201,Positive
gp_rev_cbe_10452,user_ethiopia_402,The app is so slow during transfers. It takes forever to load my account balance.,2,10,2025-07-02,CBE,Google Play,the app is so slow during transfers it takes forever to load my account balance,True,False,False,Performance & Transfer Delays,0.0,Neutral
gp_rev_cbe_10453,user_ethiopia_425,The system fails to send the OTP code. I cannot access my wallet or complete transactions.,1,21,2025-11-19,CBE,Google Play,the system fails to send the otp code i cannot access my wallet or complete transactions,False,False,True,Authentication & Server Bugs,-0.4215,Negative
gp_rev_cbe_10454,user_ethiopia_866,I keep getting a login error and the application crashes repeatedly on launch.,1,4,2025-09-08,CBE,Google Play,i keep getting a login error and the application crashes repeatedly on launch,False,False,True,Authentication & Server Bugs,-0.4019,Negative
gp_rev_cbe_10455,user_ethiopia_102,Constant server communication timeout errors. Fix the customer support line.,1,20,2025-07-10,CBE,Google Play,constant server communication timeout errors fix the customer support line,False,False,True,Authentication & Server Bugs,0.0772,Positive
gp_rev_cbe_10456,user_ethiopia_186,Great interface! Please add fingerprint login or biometric support for security.,4,20,2025-12-08,CBE,Google Play,great interface please add fingerprint login or biometric support for security,False,True,True,Mobile App Feature Request,0.8955,Positive
gp_rev_cbe_10457,user_ethiopia_959,Smooth transactions. I highly recommend adding a fingerprint scanner feature.,5,0,2025-02-15,CBE,Google Play,smooth transactions i highly recommend adding a fingerprint scanner feature,False,True,False,Mobile App Feature Request,0.4201,Positive
gp_rev_cbe_10458,user_ethiopia_667,"I really love using this app, but we need budgeting tools and dark mode features ASAP.",4,6,2025-06-08,CBE,Google Play,i really love using this app but we need budgeting tools and dark mode features asap,False,True,False,Mobile App Feature Request,0.4111,Positive
gp_rev_cbe_10459,user_ethiopia_346,Very dependable mobile banking system for daily financial operations.,5,5,2024-11-10,CBE,Google Play,very dependable mobile banking system for daily financial operations,False,False,False,General Account Management,0.0,Neutral
gp_rev_cbe_10460,user_ethiopia_937,The interface hangs on the processing screen when checking my balance. Please optimize.,2,12,2025-06-14,CBE,Google Play,the interface hangs on the processing screen when checking my balance please optimize,True,False,False,Performance & Transfer Delays,0.6705,Positive
gp_rev_cbe_10461,user_ethiopia_987,Extremely slow loading times when making instant payments to other banks.,1,17,2026-01-18,CBE,Google Play,extremely slow loading times when making instant payments to other banks,True,False,False,Performance & Transfer Delays,0.0,Neutral
gp_rev_cbe_10462,user_ethiopia_142,The app is so slow during transfers. It takes forever to load my account balance.,2,1,2025-03-07,CBE,Google Play,the app is so slow during transfers it takes forever to load my account balance,True,False,False,Performance & Transfer Delays,0.0,Neutral
gp_rev_cbe_10463,user_ethiopia_566,Smooth transactions. I highly recommend adding a fingerprint scanner feature.,5,2,2025-06-06,CBE,Google Play,smooth transactions i highly recommend adding a fingerprint scanner feature,False,True,False,Mobile App Feature Request,0.4201,Positive
gp_rev_cbe_10464,user_ethiopia_518,Extremely slow loading times when making instant payments to other banks.,1,11,2024-10-18,CBE,Google Play,extremely slow loading times when making instant payments to other banks,True,False,False,Performance & Transfer Delays,0.0,Neutral
gp_rev_cbe_10465,user_ethiopia_346,The interface hangs on the processing screen when checking my balance. Please optimize.,2,6,2025-12-26,CBE,Google Play,the interface hangs on the processing screen when checking my balance please optimize,True,False,False,Performance & Transfer Delays,0.6705,Positive
gp_rev_cbe_10466,user_ethiopia_781,Smooth transactions. I highly recommend adding a fingerprint scanner feature.,5,10,2025-12-24,CBE,Google Play,smooth transactions i highly recommend adding a fingerprint scanner feature,False,True,False,Mobile App Feature Request,0.4201,Positive
gp_rev_cbe_10467,user_ethiopia_319,"Excellent update, transfers are fast and easy to navigate.",5,2,2026-01-19,CBE,Google Play,excellent update transfers are fast and easy to navigate,True,False,False,General Account Management,0.765,Positive
gp_rev_cbe_10468,user_ethiopia_968,Very dependable mobile banking system for daily financial operations.,5,20,2025-05-24,CBE,Google Play,very dependable mobile banking system for daily financial operations,False,False,False,General Account Management,0.0,Neutral
gp_rev_cbe_10469,user_ethiopia_427,Extremely slow loading times when making instant payments to other banks.,1,17,2024-07-30,CBE,Google Play,extremely slow loading times when making instant payments to other banks,True,False,False,Performance & Transfer Delays,0.0,Neutral
gp_rev_cbe_10470,user_ethiopia_538,The interface hangs on the processing screen when checking my balance. Please optimize.,2,5,2025-12-11,CBE,Google Play,the interface hangs on the processing screen when checking my balance please optimize,True,False,False,Performance & Transfer Delays,0.6705,Positive
gp_rev_cbe_10471,user_ethiopia_993,The app is so slow during transfers. It takes forever to load my account balance.,2,20,2024-12-09,CBE,Google Play,the app is so slow during transfers it takes forever to load my account balance,True,False,False,Performance & Transfer Delays,0.0,Neutral
gp_rev_cbe_10472,user_ethiopia_672,Extremely slow loading times when making instant payments to other banks.,1,6,2025-08-23,CBE,Google Play,extremely slow loading times when making instant payments to other banks,True,False,False,Performance & Transfer Delays,0.0,Neutral
gp_rev_cbe_10473,user_ethiopia_863,"Excellent update, transfers are fast and easy to navigate.",5,17,2025-12-12,CBE,Google Play,excellent update transfers are fast and easy to navigate,True,False,False,General Account Management,0.765,Positive
gp_rev_cbe_10474,user_ethiopia_668,Extremely slow loading times when making instant payments to other banks.,1,19,2024-10-24,CBE,Google Play,extremely slow loading times when making instant payments to other banks,True,False,False,Performance & Transfer Delays,0.0,Neutral
gp_rev_cbe_10475,user_ethiopia_559,Extremely slow loading times when making instant payments to other banks.,1,0,2025-03-18,CBE,Google Play,extremely slow loading times when making instant payments to other banks,True,False,False,Performance & Transfer Delays,0.0,Neutral
gp_rev_cbe_10476,user_ethiopia_689,The system fails to send the OTP code. I cannot access my wallet or complete transactions.,1,13,2026-01-13,CBE,Google Play,the system fails to send the otp code i cannot access my wallet or complete transactions,False,False,True,Authentication & Server Bugs,-0.4215,Negative
gp_rev_cbe_10477,user_ethiopia_204,I keep getting a login error and the application crashes repeatedly on launch.,1,18,2025-04-11,CBE,Google Play,i keep getting a login error and the application crashes repeatedly on launch,False,False,True,Authentication & Server Bugs,-0.4019,Negative
gp_rev_cbe_10478,user_ethiopia_138,Smooth transactions. I highly recommend adding a fingerprint scanner feature.,5,16,2025-05-16,CBE,Google Play,smooth transactions i highly recommend adding a fingerprint scanner feature,False,True,False,Mobile App Feature Request,0.4201,Positive
gp_rev_cbe_10479,user_ethiopia_460,The system fails to send the OTP code. I cannot access my wallet or complete transactions.,1,5,2025-06-21,CBE,Google Play,the system fails to send the otp code i cannot access my wallet or complete transactions,False,False,True,Authentication & Server Bugs,-0.4215,Negative
gp_rev_cbe_10480,user_ethiopia_244,I keep getting a login error and the application crashes repeatedly on launch.,1,22,2026-04-17,CBE,Google Play,i keep getting a login error and the application crashes repeatedly on launch,False,False,True,Authentication & Server Bugs,-0.4019,Negative
gp_rev_cbe_10481,user_ethiopia_335,"Excellent update, transfers are fast and easy to navigate.",5,23,2024-08-08,CBE,Google Play,excellent update transfers are fast and easy to navigate,True,False,False,General Account Management,0.765,Positive
gp_rev_cbe_10482,user_ethiopia_755,The interface hangs on the processing screen when checking my balance. Please optimize.,2,11,2025-09-30,CBE,Google Play,the interface hangs on the processing screen when checking my balance please optimize,True,False,False,Performance & Transfer Delays,0.6705,Positive
gp_rev_cbe_10483,user_ethiopia_842,The interface hangs on the processing screen when checking my balance. Please optimize.,2,9,2025-04-25,CBE,Google Play,the interface hangs on the processing screen when checking my balance please optimize,True,False,False,Performance & Transfer Delays,0.6705,Positive
gp_rev_cbe_10484,user_ethiopia_465,Great interface! Please add fingerprint login or biometric support for security.,4,15,2026-01-02,CBE,Google Play,great interface please add fingerprint login or biometric support for security,False,True,True,Mobile App Feature Request,0.8955,Positive
gp_rev_cbe_10485,user_ethiopia_784,Constant server communication timeout errors. Fix the customer support line.,1,8,2025-03-22,CBE,Google Play,constant server communication timeout errors fix the customer support line,False,False,True,Authentication & Server Bugs,0.0772,Positive
gp_rev_cbe_10486,user_ethiopia_976,The interface hangs on the processing screen when checking my balance. Please optimize.,2,0,2026-04-26,CBE,Google Play,the interface hangs on the processing screen when checking my balance please optimize,True,False,False,Performance & Transfer Delays,0.6705,Positive
gp_rev_cbe_10487,user_ethiopia_798,"I really love using this app, but we need budgeting tools and dark mode features ASAP.",4,10,2025-12-22,CBE,Google Play,i really love using this app but we need budgeting tools and dark mode features asap,False,True,False,Mobile App Feature Request,0.4111,Positive
gp_rev_cbe_10488,user_ethiopia_282,The interface hangs on the processing screen when checking my balance. Please optimize.,2,7,2026-04-16,CBE,Google Play,the interface hangs on the processing screen when checking my balance please optimize,True,False,False,Performance & Transfer Delays,0.6705,Positive
gp_rev_cbe_10489,user_ethiopia_721,"Excellent update, transfers are fast and easy to navigate.",5,14,2024-12-11,CBE,Google Play,excellent update transfers are fast and easy to navigate,True,False,False,General Account Management,0.765,Positive
gp_rev_cbe_10490,user_ethiopia_121,The interface hangs on the processing screen when checking my balance. Please optimize.,2,22,2025-07-22,CBE,Google Play,the interface hangs on the processing screen when checking my balance please optimize,True,False,False,Performance & Transfer Delays,0.6705,Positive
gp_rev_cbe_10491,user_ethiopia_896,"I really love using this app, but we need budgeting tools and dark mode features ASAP.",4,2,2024-07-26,CBE,Google Play,i really love using this app but we need budgeting tools and dark mode features asap,False,True,False,Mobile App Feature Request,0.4111,Positive
gp_rev_cbe_10492,user_ethiopia_704,The interface hangs on the processing screen when checking my balance. Please optimize.,2,6,2024-09-04,CBE,Google Play,the interface hangs on the processing screen when checking my balance please optimize,True,False,False,Performance & Transfer Delays,0.6705,Positive
gp_rev_cbe_10493,user_ethiopia_381,The system fails to send the OTP code. I cannot access my wallet or complete transactions.,1,4,2024-08-21,CBE,Google Play,the system fails to send the otp code i cannot access my wallet or complete transactions,False,False,True,Authentication & Server Bugs,-0.4215,Negative
gp_rev_cbe_10494,user_ethiopia_862,Great interface! Please add fingerprint login or biometric support for security.,4,1,2025-04-12,CBE,Google Play,great interface please add fingerprint login or biometric support for security,False,True,True,Mobile App Feature Request,0.8955,Positive
gp_rev_cbe_10495,user_ethiopia_778,Constant server communication timeout errors. Fix the customer support line.,1,10,2024-10-24,CBE,Google Play,constant server communication timeout errors fix the customer support line,False,False,True,Authentication & Server Bugs,0.0772,Positive
gp_rev_cbe_10496,user_ethiopia_351,Very dependable mobile banking system for daily financial operations.,5,15,2026-04-10,CBE,Google Play,very dependable mobile banking system for daily financial operations,False,False,False,General Account Management,0.0,Neutral
gp_rev_cbe_10497,user_ethiopia_296,Great interface! Please add fingerprint login or biometric support for security.,4,9,2024-10-07,CBE,Google Play,great interface please add fingerprint login or biometric support for security,False,True,True,Mobile App Feature Request,0.8955,Positive
gp_rev_cbe_10498,user_ethiopia_420,Extremely slow loading times when making instant payments to other banks.,1,0,2024-10-24,CBE,Google Play,extremely slow loading times when making instant payments to other banks,True,False,False,Performance & Transfer Delays,0.0,Neutral
gp_rev_cbe_10499,user_ethiopia_390,Great interface! Please add fingerprint login or biometric support for security.,4,8,2024-09-05,CBE,Google Play,great interface please add fingerprint login or biometric support for security,False,True,True,Mobile App Feature Request,0.8955,Positive
gp_rev_dashen_10000,user_ethiopia_418,The system fails to send the OTP code. I cannot access my wallet or complete transactions.,1,8,2024-07-11,Dashen,Google Play,the system fails to send the otp code i cannot access my wallet or complete transactions,False,False,True,Authentication & Server Bugs,-0.4215,Negative
gp_rev_dashen_10001,user_ethiopia_950,Constant server communication timeout errors. Fix the customer support line.,1,13,2025-09-02,Dashen,Google Play,constant server communication timeout errors fix the customer support line,False,False,True,Authentication & Server Bugs,0.0772,Positive
gp_rev_dashen_10002,user_ethiopia_447,Extremely slow loading times when making instant payments to other banks.,1,9,2024-08-22,Dashen,Google Play,extremely slow loading times when making instant payments to other banks,True,False,False,Performance & Transfer Delays,0.0,Neutral
gp_rev_dashen_10003,user_ethiopia_628,"I really love using this app, but we need budgeting tools and dark mode features ASAP.",4,6,2025-08-15,Dashen,Google Play,i really love using this app but we need budgeting tools and dark mode features asap,False,True,False,Mobile App Feature Request,0.4111,Positive
gp_rev_dashen_10004,user_ethiopia_229,"I really love using this app, but we need budgeting tools and dark mode features ASAP.",4,17,2026-04-07,Dashen,Google Play,i really love using this app but we need budgeting tools and dark mode features asap,False,True,False,Mobile App Feature Request,0.4111,Positive
gp_rev_dashen_10005,user_ethiopia_593,I keep getting a login error and the application crashes repeatedly on launch.,1,5,2026-04-12,Dashen,Google Play,i keep getting a login error and the application crashes repeatedly on launch,False,False,True,Authentication & Server Bugs,-0.4019,Negative
gp_rev_dashen_10006,user_ethiopia_165,Smooth transactions. I highly recommend adding a fingerprint scanner feature.,5,23,2025-06-12,Dashen,Google Play,smooth transactions i highly recommend adding a fingerprint scanner feature,False,True,False,Mobile App Feature Request,0.4201,Positive
gp_rev_dashen_10007,user_ethiopia_404,Great interface! Please add fingerprint login or biometric support for security.,4,13,2026-01-16,Dashen,Google Play,great interface please add fingerprint login or biometric support for security,False,True,True,Mobile App Feature Request,0.8955,Positive
gp_rev_dashen_10008,user_ethiopia_172,The interface hangs on the processing screen when checking my balance. Please optimize.,2,6,2024-10-19,Dashen,Google Play,the interface hangs on the processing screen when checking my balance please optimize,True,False,False,Performance & Transfer Delays,0.6705,Positive
gp_rev_dashen_10009,user_ethiopia_129,The app is so slow during transfers. It takes forever to load my account balance.,2,2,2024-09-07,Dashen,Google Play,the app is so slow during transfers it takes forever to load my account balance,True,False,False,Performance & Transfer Delays,0.0,Neutral
gp_rev_dashen_10010,user_ethiopia_386,Constant server communication timeout errors. Fix the customer support line.,1,9,2025-07-08,Dashen,Google Play,constant server communication timeout errors fix the customer support line,False,False,True,Authentication & Server Bugs,0.0772,Positive
gp_rev_dashen_10011,user_ethiopia_813,Great interface! Please add fingerprint login or biometric support for security.,4,15,2025-01-12,Dashen,Google Play,great interface please add fingerprint login or biometric support for security,False,True,True,Mobile App Feature Request,0.8955,Positive
gp_rev_dashen_10012,user_ethiopia_805,The app is so slow during transfers. It takes forever to load my account balance.,2,10,2025-08-09,Dashen,Google Play,the app is so slow during transfers it takes forever to load my account balance,True,False,False,Performance & Transfer Delays,0.0,Neutral
gp_rev_dashen_10013,user_ethiopia_541,I keep getting a login error and the application crashes repeatedly on launch.,1,3,2025-04-02,Dashen,Google Play,i keep getting a login error and the application crashes repeatedly on launch,False,False,True,Authentication & Server Bugs,-0.4019,Negative
gp_rev_dashen_10014,user_ethiopia_900,"I really love using this app, but we need budgeting tools and dark mode features ASAP.",4,14,2025-01-17,Dashen,Google Play,i really love using this app but we need budgeting tools and dark mode features asap,False,True,False,Mobile App Feature Request,0.4111,Positive
gp_rev_dashen_10015,user_ethiopia_590,Extremely slow loading times when making instant payments to other banks.,1,21,2024-11-10,Dashen,Google Play,extremely slow loading times when making instant payments to other banks,True,False,False,Performance & Transfer Delays,0.0,Neutral
gp_rev_dashen_10016,user_ethiopia_480,Great interface! Please add fingerprint login or biometric support for security.,4,7,2024-07-27,Dashen,Google Play,great interface please add fingerprint login or biometric support for security,False,True,True,Mobile App Feature Request,0.8955,Positive
gp_rev_dashen_10017,user_ethiopia_906,Very dependable mobile banking system for daily financial operations.,5,4,2026-02-01,Dashen,Google Play,very dependable mobile banking system for daily financial operations,False,False,False,General Account Management,0.0,Neutral
gp_rev_dashen_10018,user_ethiopia_605,Extremely slow loading times when making instant payments to other banks.,1,11,2025-02-10,Dashen,Google Play,extremely slow loading times when making instant payments to other banks,True,False,False,Performance & Transfer Delays,0.0,Neutral
gp_rev_dashen_10019,user_ethiopia_937,Smooth transactions. I highly recommend adding a fingerprint scanner feature.,5,24,2024-10-06,Dashen,Google Play,smooth transactions i highly recommend adding a fingerprint scanner feature,False,True,False,Mobile App Feature Request,0.4201,Positive
gp_rev_dashen_10020,user_ethiopia_235,The interface hangs on the processing screen when checking my balance. Please optimize.,2,23,2024-10-25,Dashen,Google Play,the interface hangs on the processing screen when checking my balance please optimize,True,False,False,Performance & Transfer Delays,0.6705,Positive
gp_rev_dashen_10021,user_ethiopia_113,The system fails to send the OTP code. I cannot access my wallet or complete transactions.,1,10,2025-07-18,Dashen,Google Play,the system fails to send the otp code i cannot access my wallet or complete transactions,False,False,True,Authentication & Server Bugs,-0.4215,Negative
gp_rev_dashen_10022,user_ethiopia_718,I keep getting a login error and the application crashes repeatedly on launch.,1,22,2025-09-09,Dashen,Google Play,i keep getting a login error and the application crashes repeatedly on launch,False,False,True,Authentication & Server Bugs,-0.4019,Negative
gp_rev_dashen_10023,user_ethiopia_921,The interface hangs on the processing screen when checking my balance. Please optimize.,2,8,2025-02-24,Dashen,Google Play,the interface hangs on the processing screen when checking my balance please optimize,True,False,False,Performance & Transfer Delays,0.6705,Positive
gp_rev_dashen_10024,user_ethiopia_555,Constant server communication timeout errors. Fix the customer support line.,1,25,2024-10-29,Dashen,Google Play,constant server communication timeout errors fix the customer support line,False,False,True,Authentication & Server Bugs,0.0772,Positive
gp_rev_dashen_10025,user_ethiopia_792,"I really love using this app, but we need budgeting tools and dark mode features ASAP.",4,17,2025-11-04,Dashen,Google Play,i really love using this app but we need budgeting tools and dark mode features asap,False,True,False,Mobile App Feature Request,0.4111,Positive
gp_rev_dashen_10026,user_ethiopia_743,Smooth transactions. I highly recommend adding a fingerprint scanner feature.,5,24,2025-03-13,Dashen,Google Play,smooth transactions i highly recommend adding a fingerprint scanner feature,False,True,False,Mobile App Feature Request,0.4201,Positive
gp_rev_dashen_10027,user_ethiopia_428,I keep getting a login error and the application crashes repeatedly on launch.,1,19,2025-09-01,Dashen,Google Play,i keep getting a login error and the application crashes repeatedly on launch,False,False,True,Authentication & Server Bugs,-0.4019,Negative
gp_rev_dashen_10028,user_ethiopia_805,Constant server communication timeout errors. Fix the customer support line.,1,12,2026-03-10,Dashen,Google Play,constant server communication timeout errors fix the customer support line,False,False,True,Authentication & Server Bugs,0.0772,Positive
gp_rev_dashen_10029,user_ethiopia_920,Smooth transactions. I highly recommend adding a fingerprint scanner feature.,5,22,2025-03-11,Dashen,Google Play,smooth transactions i highly recommend adding a fingerprint scanner feature,False,True,False,Mobile App Feature Request,0.4201,Positive
gp_rev_dashen_10030,user_ethiopia_651,Constant server communication timeout errors. Fix the customer support line.,1,24,2025-01-28,Dashen,Google Play,constant server communication timeout errors fix the customer support line,False,False,True,Authentication & Server Bugs,0.0772,Positive
gp_rev_dashen_10031,user_ethiopia_709,Extremely slow loading times when making instant payments to other banks.,1,18,2025-04-30,Dashen,Google Play,extremely slow loading times when making instant payments to other banks,True,False,False,Performance & Transfer Delays,0.0,Neutral
gp_rev_dashen_10032,user_ethiopia_211,The system fails to send the OTP code. I cannot access my wallet or complete transactions.,1,25,2025-08-24,Dashen,Google Play,the system fails to send the otp code i cannot access my wallet or complete transactions,False,False,True,Authentication & Server Bugs,-0.4215,Negative
gp_rev_dashen_10033,user_ethiopia_827,The interface hangs on the processing screen when checking my balance. Please optimize.,2,25,2025-07-14,Dashen,Google Play,the interface hangs on the processing screen when checking my balance please optimize,True,False,False,Performance & Transfer Delays,0.6705,Positive
gp_rev_dashen_10034,user_ethiopia_278,I keep getting a login error and the application crashes repeatedly on launch.,1,6,2025-12-08,Dashen,Google Play,i keep getting a login error and the application crashes repeatedly on launch,False,False,True,Authentication & Server Bugs,-0.4019,Negative
gp_rev_dashen_10035,user_ethiopia_515,The interface hangs on the processing screen when checking my balance. Please optimize.,2,7,2025-06-06,Dashen,Google Play,the interface hangs on the processing screen when checking my balance please optimize,True,False,False,Performance & Transfer Delays,0.6705,Positive
gp_rev_dashen_10036,user_ethiopia_653,Very dependable mobile banking system for daily financial operations.,5,25,2025-10-12,Dashen,Google Play,very dependable mobile banking system for daily financial operations,False,False,False,General Account Management,0.0,Neutral
gp_rev_dashen_10037,user_ethiopia_818,Extremely slow loading times when making instant payments to other banks.,1,14,2024-12-08,Dashen,Google Play,extremely slow loading times when making instant payments to other banks,True,False,False,Performance & Transfer Delays,0.0,Neutral
gp_rev_dashen_10038,user_ethiopia_331,Constant server communication timeout errors. Fix the customer support line.,1,8,2024-08-08,Dashen,Google Play,constant server communication timeout errors fix the customer support line,False,False,True,Authentication & Server Bugs,0.0772,Positive
gp_rev_dashen_10039,user_ethiopia_196,Great interface! Please add fingerprint login or biometric support for security.,4,13,2024-10-08,Dashen,Google Play,great interface please add fingerprint login or biometric support for security,False,True,True,Mobile App Feature Request,0.8955,Positive
gp_rev_dashen_10040,user_ethiopia_845,I keep getting a login error and the application crashes repeatedly on launch.,1,12,2025-03-30,Dashen,Google Play,i keep getting a login error and the application crashes repeatedly on launch,False,False,True,Authentication & Server Bugs,-0.4019,Negative
gp_rev_dashen_10041,user_ethiopia_553,"I really love using this app, but we need budgeting tools and dark mode features ASAP.",4,22,2025-04-21,Dashen,Google Play,i really love using this app but we need budgeting tools and dark mode features asap,False,True,False,Mobile App Feature Request,0.4111,Positive
gp_rev_dashen_10042,user_ethiopia_641,The interface hangs on the processing screen when checking my balance. Please optimize.,2,15,2025-03-31,Dashen,Google Play,the interface hangs on the processing screen when checking my balance please optimize,True,False,False,Performance & Transfer Delays,0.6705,Positive
gp_rev_dashen_10043,user_ethiopia_552,The app is so slow during transfers. It takes forever to load my account balance.,2,11,2025-06-09,Dashen,Google Play,the app is so slow during transfers it takes forever to load my account balance,True,False,False,Performance & Transfer Delays,0.0,Neutral
gp_rev_dashen_10044,user_ethiopia_334,"Excellent update, transfers are fast and easy to navigate.",5,2,2026-02-22,Dashen,Google Play,excellent update transfers are fast and easy to navigate,True,False,False,General Account Management,0.765,Positive
gp_rev_dashen_10045,user_ethiopia_822,Very dependable mobile banking system for daily financial operations.,5,22,2026-05-12,Dashen,Google Play,very dependable mobile banking system for daily financial operations,False,False,False,General Account Management,0.0,Neutral
gp_rev_dashen_10046,user_ethiopia_537,Very dependable mobile banking system for daily financial operations.,5,24,2026-03-05,Dashen,Google Play,very dependable mobile banking system for daily financial operations,False,False,False,General Account Management,0.0,Neutral
gp_rev_dashen_10047,user_ethiopia_752,Constant server communication timeout errors. Fix the customer support line.,1,23,2026-03-01,Dashen,Google Play,constant server communication timeout errors fix the customer support line,False,False,True,Authentication & Server Bugs,0.0772,Positive
gp_rev_dashen_10048,user_ethiopia_789,Smooth transactions. I highly recommend adding a fingerprint scanner feature.,5,17,2026-01-26,Dashen,Google Play,smooth transactions i highly recommend adding a fingerprint scanner feature,False,True,False,Mobile App Feature Request,0.4201,Positive
gp_rev_dashen_10049,user_ethiopia_853,"I really love using this app, but we need budgeting tools and dark mode features ASAP.",4,7,2026-03-20,Dashen,Google Play,i really love using this app but we need budgeting tools and dark mode features asap,False,True,False,Mobile App Feature Request,0.4111,Positive
gp_rev_dashen_10050,user_ethiopia_331,Great interface! Please add fingerprint login or biometric support for security.,4,10,2026-04-01,Dashen,Google Play,great interface please add fingerprint login or biometric support for security,False,True,True,Mobile App Feature Request,0.8955,Positive
gp_rev_dashen_10051,user_ethiopia_930,The interface hangs on the processing screen when checking my balance. Please optimize.,2,11,2025-01-21,Dashen,Google Play,the interface hangs on the processing screen when checking my balance please optimize,True,False,False,Performance & Transfer Delays,0.6705,Positive
gp_rev_dashen_10052,user_ethiopia_346,Great interface! Please add fingerprint login or biometric support for security.,4,14,2025-10-02,Dashen,Google Play,great interface please add fingerprint login or biometric support for security,False,True,True,Mobile App Feature Request,0.8955,Positive
gp_rev_dashen_10053,user_ethiopia_351,The app is so slow during transfers. It takes forever to load my account balance.,2,20,2025-01-02,Dashen,Google Play,the app is so slow during transfers it takes forever to load my account balance,True,False,False,Performance & Transfer Delays,0.0,Neutral
gp_rev_dashen_10054,user_ethiopia_947,"Excellent update, transfers are fast and easy to navigate.",5,4,2025-12-14,Dashen,Google Play,excellent update transfers are fast and easy to navigate,True,False,False,General Account Management,0.765,Positive
gp_rev_dashen_10055,user_ethiopia_511,The app is so slow during transfers. It takes forever to load my account balance.,2,10,2024-12-12,Dashen,Google Play,the app is so slow during transfers it takes forever to load my account balance,True,False,False,Performance & Transfer Delays,0.0,Neutral
gp_rev_dashen_10056,user_ethiopia_141,Very dependable mobile banking system for daily financial operations.,5,10,2025-03-07,Dashen,Google Play,very dependable mobile banking system for daily financial operations,False,False,False,General Account Management,0.0,Neutral
gp_rev_dashen_10057,user_ethiopia_930,Constant server communication timeout errors. Fix the customer support line.,1,25,2025-04-17,Dashen,Google Play,constant server communication timeout errors fix the customer support line,False,False,True,Authentication & Server Bugs,0.0772,Positive
gp_rev_dashen_10058,user_ethiopia_658,The system fails to send the OTP code. I cannot access my wallet or complete transactions.,1,25,2026-04-04,Dashen,Google Play,the system fails to send the otp code i cannot access my wallet or complete transactions,False,False,True,Authentication & Server Bugs,-0.4215,Negative
gp_rev_dashen_10059,user_ethiopia_744,"I really love using this app, but we need budgeting tools and dark mode features ASAP.",4,2,2024-10-16,Dashen,Google Play,i really love using this app but we need budgeting tools and dark mode features asap,False,True,False,Mobile App Feature Request,0.4111,Positive
gp_rev_dashen_10060,user_ethiopia_537,Very dependable mobile banking system for daily financial operations.,5,7,2024-11-14,Dashen,Google Play,very dependable mobile banking system for daily financial operations,False,False,False,General Account Management,0.0,Neutral
gp_rev_dashen_10061,user_ethiopia_725,"I really love using this app, but we need budgeting tools and dark mode features ASAP.",4,12,2025-04-17,Dashen,Google Play,i really love using this app but we need budgeting tools and dark mode features asap,False,True,False,Mobile App Feature Request,0.4111,Positive
gp_rev_dashen_10062,user_ethiopia_956,The system fails to send the OTP code. I cannot access my wallet or complete transactions.,1,16,2025-07-17,Dashen,Google Play,the system fails to send the otp code i cannot access my wallet or complete transactions,False,False,True,Authentication & Server Bugs,-0.4215,Negative
gp_rev_dashen_10063,user_ethiopia_279,Great interface! Please add fingerprint login or biometric support for security.,4,5,2025-02-17,Dashen,Google Play,great interface please add fingerprint login or biometric support for security,False,True,True,Mobile App Feature Request,0.8955,Positive
gp_rev_dashen_10064,user_ethiopia_808,The interface hangs on the processing screen when checking my balance. Please optimize.,2,20,2025-07-11,Dashen,Google Play,the interface hangs on the processing screen when checking my balance please optimize,True,False,False,Performance & Transfer Delays,0.6705,Positive
gp_rev_dashen_10065,user_ethiopia_877,Constant server communication timeout errors. Fix the customer support line.,1,23,2026-03-06,Dashen,Google Play,constant server communication timeout errors fix the customer support line,False,False,True,Authentication & Server Bugs,0.0772,Positive
gp_rev_dashen_10066,user_ethiopia_754,Very dependable mobile banking system for daily financial operations.,5,24,2025-05-24,Dashen,Google Play,very dependable mobile banking system for daily financial operations,False,False,False,General Account Management,0.0,Neutral
gp_rev_dashen_10067,user_ethiopia_616,Constant server communication timeout errors. Fix the customer support line.,1,9,2024-10-22,Dashen,Google Play,constant server communication timeout errors fix the customer support line,False,False,True,Authentication & Server Bugs,0.0772,Positive
gp_rev_dashen_10068,user_ethiopia_743,Great interface! Please add fingerprint login or biometric support for security.,4,4,2026-02-14,Dashen,Google Play,great interface please add fingerprint login or biometric support for security,False,True,True,Mobile App Feature Request,0.8955,Positive
gp_rev_dashen_10069,user_ethiopia_513,The app is so slow during transfers. It takes forever to load my account balance.,2,2,2025-11-10,Dashen,Google Play,the app is so slow during transfers it takes forever to load my account balance,True,False,False,Performance & Transfer Delays,0.0,Neutral
gp_rev_dashen_10070,user_ethiopia_160,Extremely slow loading times when making instant payments to other banks.,1,3,2025-11-28,Dashen,Google Play,extremely slow loading times when making instant payments to other banks,True,False,False,Performance & Transfer Delays,0.0,Neutral
gp_rev_dashen_10071,user_ethiopia_223,Very dependable mobile banking system for daily financial operations.,5,23,2025-07-05,Dashen,Google Play,very dependable mobile banking system for daily financial operations,False,False,False,General Account Management,0.0,Neutral
gp_rev_dashen_10072,user_ethiopia_388,Great interface! Please add fingerprint login or biometric support for security.,4,12,2025-11-05,Dashen,Google Play,great interface please add fingerprint login or biometric support for security,False,True,True,Mobile App Feature Request,0.8955,Positive
gp_rev_dashen_10073,user_ethiopia_108,The app is so slow during transfers. It takes forever to load my account balance.,2,10,2024-09-08,Dashen,Google Play,the app is so slow during transfers it takes forever to load my account balance,True,False,False,Performance & Transfer Delays,0.0,Neutral
gp_rev_dashen_10074,user_ethiopia_829,"Excellent update, transfers are fast and easy to navigate.",5,2,2024-11-20,Dashen,Google Play,excellent update transfers are fast and easy to navigate,True,False,False,General Account Management,0.765,Positive
gp_rev_dashen_10075,user_ethiopia_686,Smooth transactions. I highly recommend adding a fingerprint scanner feature.,5,22,2024-09-18,Dashen,Google Play,smooth transactions i highly recommend adding a fingerprint scanner feature,False,True,False,Mobile App Feature Request,0.4201,Positive
gp_rev_dashen_10076,user_ethiopia_702,Great interface! Please add fingerprint login or biometric support for security.,4,4,2025-08-30,Dashen,Google Play,great interface please add fingerprint login or biometric support for security,False,True,True,Mobile App Feature Request,0.8955,Positive
gp_rev_dashen_10077,user_ethiopia_671,Constant server communication timeout errors. Fix the customer support line.,1,13,2025-01-05,Dashen,Google Play,constant server communication timeout errors fix the customer support line,False,False,True,Authentication & Server Bugs,0.0772,Positive
gp_rev_dashen_10078,user_ethiopia_214,"Excellent update, transfers are fast and easy to navigate.",5,25,2026-05-15,Dashen,Google Play,excellent update transfers are fast and easy to navigate,True,False,False,General Account Management,0.765,Positive
gp_rev_dashen_10079,user_ethiopia_984,Very dependable mobile banking system for daily financial operations.,5,1,2025-12-04,Dashen,Google Play,very dependable mobile banking system for daily financial operations,False,False,False,General Account Management,0.0,Neutral
gp_rev_dashen_10080,user_ethiopia_252,"Excellent update, transfers are fast and easy to navigate.",5,5,2024-08-02,Dashen,Google Play,excellent update transfers are fast and easy to navigate,True,False,False,General Account Management,0.765,Positive
gp_rev_dashen_10081,user_ethiopia_889,Great interface! Please add fingerprint login or biometric support for security.,4,25,2026-02-21,Dashen,Google Play,great interface please add fingerprint login or biometric support for security,False,True,True,Mobile App Feature Request,0.8955,Positive
gp_rev_dashen_10082,user_ethiopia_709,The interface hangs on the processing screen when checking my balance. Please optimize.,2,2,2025-01-10,Dashen,Google Play,the interface hangs on the processing screen when checking my balance please optimize,True,False,False,Performance & Transfer Delays,0.6705,Positive
gp_rev_dashen_10083,user_ethiopia_975,Constant server communication timeout errors. Fix the customer support line.,1,17,2025-06-04,Dashen,Google Play,constant server communication timeout errors fix the customer support line,False,False,True,Authentication & Server Bugs,0.0772,Positive
gp_rev_dashen_10084,user_ethiopia_560,The system fails to send the OTP code. I cannot access my wallet or complete transactions.,1,6,2024-12-21,Dashen,Google Play,the system fails to send the otp code i cannot access my wallet or complete transactions,False,False,True,Authentication & Server Bugs,-0.4215,Negative
gp_rev_dashen_10085,user_ethiopia_197,The app is so slow during transfers. It takes forever to load my account balance.,2,12,2025-11-25,Dashen,Google Play,the app is so slow during transfers it takes forever to load my account balance,True,False,False,Performance & Transfer Delays,0.0,Neutral
gp_rev_dashen_10086,user_ethiopia_538,Great interface! Please add fingerprint login or biometric support for security.,4,7,2025-04-22,Dashen,Google Play,great interface please add fingerprint login or biometric support for security,False,True,True,Mobile App Feature Request,0.8955,Positive
gp_rev_dashen_10087,user_ethiopia_781,I keep getting a login error and the application crashes repeatedly on launch.,1,25,2024-12-09,Dashen,Google Play,i keep getting a login error and the application crashes repeatedly on launch,False,False,True,Authentication & Server Bugs,-0.4019,Negative
gp_rev_dashen_10088,user_ethiopia_268,The system fails to send the OTP code. I cannot access my wallet or complete transactions.,1,7,2024-10-29,Dashen,Google Play,the system fails to send the otp code i cannot access my wallet or complete transactions,False,False,True,Authentication & Server Bugs,-0.4215,Negative
gp_rev_dashen_10089,user_ethiopia_903,The app is so slow during transfers. It takes forever to load my account balance.,2,3,2025-03-14,Dashen,Google Play,the app is so slow during transfers it takes forever to load my account balance,True,False,False,Performance & Transfer Delays,0.0,Neutral
gp_rev_dashen_10090,user_ethiopia_858,The app is so slow during transfers. It takes forever to load my account balance.,2,19,2024-10-27,Dashen,Google Play,the app is so slow during transfers it takes forever to load my account balance,True,False,False,Performance & Transfer Delays,0.0,Neutral
gp_rev_dashen_10091,user_ethiopia_801,"I really love using this app, but we need budgeting tools and dark mode features ASAP.",4,13,2025-01-10,Dashen,Google Play,i really love using this app but we need budgeting tools and dark mode features asap,False,True,False,Mobile App Feature Request,0.4111,Positive
gp_rev_dashen_10092,user_ethiopia_554,The app is so slow during transfers. It takes forever to load my account balance.,2,23,2025-03-19,Dashen,Google Play,the app is so slow during transfers it takes forever to load my account balance,True,False,False,Performance & Transfer Delays,0.0,Neutral
gp_rev_dashen_10093,user_ethiopia_909,"Excellent update, transfers are fast and easy to navigate.",5,15,2024-06-23,Dashen,Google Play,excellent update transfers are fast and easy to navigate,True,False,False,General Account Management,0.765,Positive
gp_rev_dashen_10094,user_ethiopia_533,Very dependable mobile banking system for daily financial operations.,5,22,2025-09-26,Dashen,Google Play,very dependable mobile banking system for daily financial operations,False,False,False,General Account Management,0.0,Neutral
gp_rev_dashen_10095,user_ethiopia_225,The system fails to send the OTP code. I cannot access my wallet or complete transactions.,1,23,2025-04-12,Dashen,Google Play,the system fails to send the otp code i cannot access my wallet or complete transactions,False,False,True,Authentication & Server Bugs,-0.4215,Negative
gp_rev_dashen_10096,user_ethiopia_834,Smooth transactions. I highly recommend adding a fingerprint scanner feature.,5,13,2026-01-23,Dashen,Google Play,smooth transactions i highly recommend adding a fingerprint scanner feature,False,True,False,Mobile App Feature Request,0.4201,Positive
gp_rev_dashen_10097,user_ethiopia_205,Smooth transactions. I highly recommend adding a fingerprint scanner feature.,5,13,2025-07-20,Dashen,Google Play,smooth transactions i highly recommend adding a fingerprint scanner feature,False,True,False,Mobile App Feature Request,0.4201,Positive
gp_rev_dashen_10098,user_ethiopia_872,The system fails to send the OTP code. I cannot access my wallet or complete transactions.,1,22,2024-11-17,Dashen,Google Play,the system fails to send the otp code i cannot access my wallet or complete transactions,False,False,True,Authentication & Server Bugs,-0.4215,Negative
gp_rev_dashen_10099,user_ethiopia_600,The system fails to send the OTP code. I cannot access my wallet or complete transactions.,1,12,2024-09-20,Dashen,Google Play,the system fails to send the otp code i cannot access my wallet or complete transactions,False,False,True,Authentication & Server Bugs,-0.4215,Negative
gp_rev_dashen_10100,user_ethiopia_859,"I really love using this app, but we need budgeting tools and dark mode features ASAP.",4,9,2026-03-30,Dashen,Google Play,i really love using this app but we need budgeting tools and dark mode features asap,False,True,False,Mobile App Feature Request,0.4111,Positive
gp_rev_dashen_10101,user_ethiopia_329,Extremely slow loading times when making instant payments to other banks.,1,9,2024-08-25,Dashen,Google Play,extremely slow loading times when making instant payments to other banks,True,False,False,Performance & Transfer Delays,0.0,Neutral
gp_rev_dashen_10102,user_ethiopia_104,I keep getting a login error and the application crashes repeatedly on launch.,1,24,2025-04-30,Dashen,Google Play,i keep getting a login error and the application crashes repeatedly on launch,False,False,True,Authentication & Server Bugs,-0.4019,Negative
gp_rev_dashen_10103,user_ethiopia_308,The interface hangs on the processing screen when checking my balance. Please optimize.,2,23,2024-07-21,Dashen,Google Play,the interface hangs on the processing screen when checking my balance please optimize,True,False,False,Performance & Transfer Delays,0.6705,Positive
gp_rev_dashen_10104,user_ethiopia_213,"Excellent update, transfers are fast and easy to navigate.",5,1,2024-11-06,Dashen,Google Play,excellent update transfers are fast and easy to navigate,True,False,False,General Account Management,0.765,Positive
gp_rev_dashen_10105,user_ethiopia_706,"Excellent update, transfers are fast and easy to navigate.",5,6,2026-01-23,Dashen,Google Play,excellent update transfers are fast and easy to navigate,True,False,False,General Account Management,0.765,Positive
gp_rev_dashen_10106,user_ethiopia_531,Very dependable mobile banking system for daily financial operations.,5,15,2025-04-07,Dashen,Google Play,very dependable mobile banking system for daily financial operations,False,False,False,General Account Management,0.0,Neutral
gp_rev_dashen_10107,user_ethiopia_673,"I really love using this app, but we need budgeting tools and dark mode features ASAP.",4,1,2024-09-10,Dashen,Google Play,i really love using this app but we need budgeting tools and dark mode features asap,False,True,False,Mobile App Feature Request,0.4111,Positive
gp_rev_dashen_10108,user_ethiopia_271,Extremely slow loading times when making instant payments to other banks.,1,5,2024-12-20,Dashen,Google Play,extremely slow loading times when making instant payments to other banks,True,False,False,Performance & Transfer Delays,0.0,Neutral
gp_rev_dashen_10109,user_ethiopia_722,Very dependable mobile banking system for daily financial operations.,5,15,2025-09-13,Dashen,Google Play,very dependable mobile banking system for daily financial operations,False,False,False,General Account Management,0.0,Neutral
gp_rev_dashen_10110,user_ethiopia_322,Constant server communication timeout errors. Fix the customer support line.,1,4,2025-12-27,Dashen,Google Play,constant server communication timeout errors fix the customer support line,False,False,True,Authentication & Server Bugs,0.0772,Positive
gp_rev_dashen_10111,user_ethiopia_746,Extremely slow loading times when making instant payments to other banks.,1,11,2024-09-11,Dashen,Google Play,extremely slow loading times when making instant payments to other banks,True,False,False,Performance & Transfer Delays,0.0,Neutral
gp_rev_dashen_10112,user_ethiopia_670,The app is so slow during transfers. It takes forever to load my account balance.,2,12,2026-04-10,Dashen,Google Play,the app is so slow during transfers it takes forever to load my account balance,True,False,False,Performance & Transfer Delays,0.0,Neutral
gp_rev_dashen_10113,user_ethiopia_421,"I really love using this app, but we need budgeting tools and dark mode features ASAP.",4,20,2025-11-20,Dashen,Google Play,i really love using this app but we need budgeting tools and dark mode features asap,False,True,False,Mobile App Feature Request,0.4111,Positive
gp_rev_dashen_10114,user_ethiopia_210,Extremely slow loading times when making instant payments to other banks.,1,25,2025-07-09,Dashen,Google Play,extremely slow loading times when making instant payments to other banks,True,False,False,Performance & Transfer Delays,0.0,Neutral
gp_rev_dashen_10115,user_ethiopia_799,Great interface! Please add fingerprint login or biometric support for security.,4,11,2026-03-25,Dashen,Google Play,great interface please add fingerprint login or biometric support for security,False,True,True,Mobile App Feature Request,0.8955,Positive
gp_rev_dashen_10116,user_ethiopia_142,Very dependable mobile banking system for daily financial operations.,5,11,2025-11-05,Dashen,Google Play,very dependable mobile banking system for daily financial operations,False,False,False,General Account Management,0.0,Neutral
gp_rev_dashen_10117,user_ethiopia_118,Constant server communication timeout errors. Fix the customer support line.,1,4,2026-02-05,Dashen,Google Play,constant server communication timeout errors fix the customer support line,False,False,True,Authentication & Server Bugs,0.0772,Positive
gp_rev_dashen_10118,user_ethiopia_608,"I really love using this app, but we need budgeting tools and dark mode features ASAP.",4,14,2025-04-17,Dashen,Google Play,i really love using this app but we need budgeting tools and dark mode features asap,False,True,False,Mobile App Feature Request,0.4111,Positive
gp_rev_dashen_10119,user_ethiopia_811,I keep getting a login error and the application crashes repeatedly on launch.,1,0,2024-09-16,Dashen,Google Play,i keep getting a login error and the application crashes repeatedly on launch,False,False,True,Authentication & Server Bugs,-0.4019,Negative
gp_rev_dashen_10120,user_ethiopia_570,Extremely slow loading times when making instant payments to other banks.,1,10,2025-07-23,Dashen,Google Play,extremely slow loading times when making instant payments to other banks,True,False,False,Performance & Transfer Delays,0.0,Neutral
gp_rev_dashen_10121,user_ethiopia_731,"Excellent update, transfers are fast and easy to navigate.",5,24,2026-04-24,Dashen,Google Play,excellent update transfers are fast and easy to navigate,True,False,False,General Account Management,0.765,Positive
gp_rev_dashen_10122,user_ethiopia_319,Extremely slow loading times when making instant payments to other banks.,1,22,2024-06-29,Dashen,Google Play,extremely slow loading times when making instant payments to other banks,True,False,False,Performance & Transfer Delays,0.0,Neutral
gp_rev_dashen_10123,user_ethiopia_963,Very dependable mobile banking system for daily financial operations.,5,17,2025-12-31,Dashen,Google Play,very dependable mobile banking system for daily financial operations,False,False,False,General Account Management,0.0,Neutral
gp_rev_dashen_10124,user_ethiopia_494,Constant server communication timeout errors. Fix the customer support line.,1,24,2025-01-20,Dashen,Google Play,constant server communication timeout errors fix the customer support line,False,False,True,Authentication & Server Bugs,0.0772,Positive
gp_rev_dashen_10125,user_ethiopia_317,Great interface! Please add fingerprint login or biometric support for security.,4,13,2025-06-30,Dashen,Google Play,great interface please add fingerprint login or biometric support for security,False,True,True,Mobile App Feature Request,0.8955,Positive
gp_rev_dashen_10126,user_ethiopia_738,Great interface! Please add fingerprint login or biometric support for security.,4,17,2025-10-21,Dashen,Google Play,great interface please add fingerprint login or biometric support for security,False,True,True,Mobile App Feature Request,0.8955,Positive
gp_rev_dashen_10127,user_ethiopia_612,The interface hangs on the processing screen when checking my balance. Please optimize.,2,12,2025-06-03,Dashen,Google Play,the interface hangs on the processing screen when checking my balance please optimize,True,False,False,Performance & Transfer Delays,0.6705,Positive
gp_rev_dashen_10128,user_ethiopia_489,Smooth transactions. I highly recommend adding a fingerprint scanner feature.,5,10,2025-05-08,Dashen,Google Play,smooth transactions i highly recommend adding a fingerprint scanner feature,False,True,False,Mobile App Feature Request,0.4201,Positive
gp_rev_dashen_10129,user_ethiopia_423,"I really love using this app, but we need budgeting tools and dark mode features ASAP.",4,11,2026-02-27,Dashen,Google Play,i really love using this app but we need budgeting tools and dark mode features asap,False,True,False,Mobile App Feature Request,0.4111,Positive
gp_rev_dashen_10130,user_ethiopia_625,Smooth transactions. I highly recommend adding a fingerprint scanner feature.,5,14,2026-01-17,Dashen,Google Play,smooth transactions i highly recommend adding a fingerprint scanner feature,False,True,False,Mobile App Feature Request,0.4201,Positive
gp_rev_dashen_10131,user_ethiopia_307,Very dependable mobile banking system for daily financial operations.,5,2,2025-03-29,Dashen,Google Play,very dependable mobile banking system for daily financial operations,False,False,False,General Account Management,0.0,Neutral
gp_rev_dashen_10132,user_ethiopia_372,I keep getting a login error and the application crashes repeatedly on launch.,1,5,2026-03-16,Dashen,Google Play,i keep getting a login error and the application crashes repeatedly on launch,False,False,True,Authentication & Server Bugs,-0.4019,Negative
gp_rev_dashen_10133,user_ethiopia_612,The interface hangs on the processing screen when checking my balance. Please optimize.,2,24,2025-12-31,Dashen,Google Play,the interface hangs on the processing screen when checking my balance please optimize,True,False,False,Performance & Transfer Delays,0.6705,Positive
gp_rev_dashen_10134,user_ethiopia_602,Extremely slow loading times when making instant payments to other banks.,1,25,2024-07-09,Dashen,Google Play,extremely slow loading times when making instant payments to other banks,True,False,False,Performance & Transfer Delays,0.0,Neutral
gp_rev_dashen_10135,user_ethiopia_635,I keep getting a login error and the application crashes repeatedly on launch.,1,11,2025-03-31,Dashen,Google Play,i keep getting a login error and the application crashes repeatedly on launch,False,False,True,Authentication & Server Bugs,-0.4019,Negative
gp_rev_dashen_10136,user_ethiopia_725,Very dependable mobile banking system for daily financial operations.,5,16,2026-04-10,Dashen,Google Play,very dependable mobile banking system for daily financial operations,False,False,False,General Account Management,0.0,Neutral
gp_rev_dashen_10137,user_ethiopia_321,Smooth transactions. I highly recommend adding a fingerprint scanner feature.,5,19,2025-08-17,Dashen,Google Play,smooth transactions i highly recommend adding a fingerprint scanner feature,False,True,False,Mobile App Feature Request,0.4201,Positive
gp_rev_dashen_10138,user_ethiopia_767,Extremely slow loading times when making instant payments to other banks.,1,22,2025-03-02,Dashen,Google Play,extremely slow loading times when making instant payments to other banks,True,False,False,Performance & Transfer Delays,0.0,Neutral
gp_rev_dashen_10139,user_ethiopia_985,Great interface! Please add fingerprint login or biometric support for security.,4,19,2024-08-12,Dashen,Google Play,great interface please add fingerprint login or biometric support for security,False,True,True,Mobile App Feature Request,0.8955,Positive
gp_rev_dashen_10140,user_ethiopia_538,"I really love using this app, but we need budgeting tools and dark mode features ASAP.",4,25,2026-04-23,Dashen,Google Play,i really love using this app but we need budgeting tools and dark mode features asap,False,True,False,Mobile App Feature Request,0.4111,Positive
gp_rev_dashen_10141,user_ethiopia_653,"Excellent update, transfers are fast and easy to navigate.",5,16,2025-11-09,Dashen,Google Play,excellent update transfers are fast and easy to navigate,True,False,False,General Account Management,0.765,Positive
gp_rev_dashen_10142,user_ethiopia_281,The app is so slow during transfers. It takes forever to load my account balance.,2,15,2026-01-23,Dashen,Google Play,the app is so slow during transfers it takes forever to load my account balance,True,False,False,Performance & Transfer Delays,0.0,Neutral
gp_rev_dashen_10143,user_ethiopia_572,Great interface! Please add fingerprint login or biometric support for security.,4,16,2025-10-29,Dashen,Google Play,great interface please add fingerprint login or biometric support for security,False,True,True,Mobile App Feature Request,0.8955,Positive
gp_rev_dashen_10144,user_ethiopia_170,"Excellent update, transfers are fast and easy to navigate.",5,13,2025-01-26,Dashen,Google Play,excellent update transfers are fast and easy to navigate,True,False,False,General Account Management,0.765,Positive
gp_rev_dashen_10145,user_ethiopia_188,Great interface! Please add fingerprint login or biometric support for security.,4,13,2026-04-10,Dashen,Google Play,great interface please add fingerprint login or biometric support for security,False,True,True,Mobile App Feature Request,0.8955,Positive
gp_rev_dashen_10146,user_ethiopia_606,The interface hangs on the processing screen when checking my balance. Please optimize.,2,0,2026-04-13,Dashen,Google Play,the interface hangs on the processing screen when checking my balance please optimize,True,False,False,Performance & Transfer Delays,0.6705,Positive
gp_rev_dashen_10147,user_ethiopia_667,The app is so slow during transfers. It takes forever to load my account balance.,2,0,2025-09-09,Dashen,Google Play,the app is so slow during transfers it takes forever to load my account balance,True,False,False,Performance & Transfer Delays,0.0,Neutral
gp_rev_dashen_10148,user_ethiopia_368,Extremely slow loading times when making instant payments to other banks.,1,13,2026-04-08,Dashen,Google Play,extremely slow loading times when making instant payments to other banks,True,False,False,Performance & Transfer Delays,0.0,Neutral
gp_rev_dashen_10149,user_ethiopia_744,Great interface! Please add fingerprint login or biometric support for security.,4,8,2024-10-18,Dashen,Google Play,great interface please add fingerprint login or biometric support for security,False,True,True,Mobile App Feature Request,0.8955,Positive
gp_rev_dashen_10150,user_ethiopia_354,Constant server communication timeout errors. Fix the customer support line.,1,7,2025-09-22,Dashen,Google Play,constant server communication timeout errors fix the customer support line,False,False,True,Authentication & Server Bugs,0.0772,Positive
gp_rev_dashen_10151,user_ethiopia_984,Smooth transactions. I highly recommend adding a fingerprint scanner feature.,5,19,2026-03-25,Dashen,Google Play,smooth transactions i highly recommend adding a fingerprint scanner feature,False,True,False,Mobile App Feature Request,0.4201,Positive
gp_rev_dashen_10152,user_ethiopia_756,The system fails to send the OTP code. I cannot access my wallet or complete transactions.,1,9,2025-06-02,Dashen,Google Play,the system fails to send the otp code i cannot access my wallet or complete transactions,False,False,True,Authentication & Server Bugs,-0.4215,Negative
gp_rev_dashen_10153,user_ethiopia_852,The app is so slow during transfers. It takes forever to load my account balance.,2,0,2026-03-06,Dashen,Google Play,the app is so slow during transfers it takes forever to load my account balance,True,False,False,Performance & Transfer Delays,0.0,Neutral
gp_rev_dashen_10154,user_ethiopia_371,Constant server communication timeout errors. Fix the customer support line.,1,7,2025-06-22,Dashen,Google Play,constant server communication timeout errors fix the customer support line,False,False,True,Authentication & Server Bugs,0.0772,Positive
gp_rev_dashen_10155,user_ethiopia_797,The interface hangs on the processing screen when checking my balance. Please optimize.,2,3,2025-04-10,Dashen,Google Play,the interface hangs on the processing screen when checking my balance please optimize,True,False,False,Performance & Transfer Delays,0.6705,Positive
gp_rev_dashen_10156,user_ethiopia_978,I keep getting a login error and the application crashes repeatedly on launch.,1,13,2025-03-12,Dashen,Google Play,i keep getting a login error and the application crashes repeatedly on launch,False,False,True,Authentication & Server Bugs,-0.4019,Negative
gp_rev_dashen_10157,user_ethiopia_171,Great interface! Please add fingerprint login or biometric support for security.,4,21,2025-01-03,Dashen,Google Play,great interface please add fingerprint login or biometric support for security,False,True,True,Mobile App Feature Request,0.8955,Positive
gp_rev_dashen_10158,user_ethiopia_222,Smooth transactions. I highly recommend adding a fingerprint scanner feature.,5,1,2025-02-01,Dashen,Google Play,smooth transactions i highly recommend adding a fingerprint scanner feature,False,True,False,Mobile App Feature Request,0.4201,Positive
gp_rev_dashen_10159,user_ethiopia_447,The app is so slow during transfers. It takes forever to load my account balance.,2,10,2024-11-18,Dashen,Google Play,the app is so slow during transfers it takes forever to load my account balance,True,False,False,Performance & Transfer Delays,0.0,Neutral
gp_rev_dashen_10160,user_ethiopia_422,The app is so slow during transfers. It takes forever to load my account balance.,2,15,2025-04-20,Dashen,Google Play,the app is so slow during transfers it takes forever to load my account balance,True,False,False,Performance & Transfer Delays,0.0,Neutral
gp_rev_dashen_10161,user_ethiopia_859,Extremely slow loading times when making instant payments to other banks.,1,18,2025-09-21,Dashen,Google Play,extremely slow loading times when making instant payments to other banks,True,False,False,Performance & Transfer Delays,0.0,Neutral
gp_rev_dashen_10162,user_ethiopia_549,Very dependable mobile banking system for daily financial operations.,5,18,2024-07-22,Dashen,Google Play,very dependable mobile banking system for daily financial operations,False,False,False,General Account Management,0.0,Neutral
gp_rev_dashen_10163,user_ethiopia_451,"I really love using this app, but we need budgeting tools and dark mode features ASAP.",4,2,2025-03-15,Dashen,Google Play,i really love using this app but we need budgeting tools and dark mode features asap,False,True,False,Mobile App Feature Request,0.4111,Positive
gp_rev_dashen_10164,user_ethiopia_477,The app is so slow during transfers. It takes forever to load my account balance.,2,21,2026-04-08,Dashen,Google Play,the app is so slow during transfers it takes forever to load my account balance,True,False,False,Performance & Transfer Delays,0.0,Neutral
gp_rev_dashen_10165,user_ethiopia_822,The interface hangs on the processing screen when checking my balance. Please optimize.,2,14,2025-04-11,Dashen,Google Play,the interface hangs on the processing screen when checking my balance please optimize,True,False,False,Performance & Transfer Delays,0.6705,Positive
gp_rev_dashen_10166,user_ethiopia_893,Extremely slow loading times when making instant payments to other banks.,1,19,2026-02-22,Dashen,Google Play,extremely slow loading times when making instant payments to other banks,True,False,False,Performance & Transfer Delays,0.0,Neutral
gp_rev_dashen_10167,user_ethiopia_397,"Excellent update, transfers are fast and easy to navigate.",5,25,2025-06-26,Dashen,Google Play,excellent update transfers are fast and easy to navigate,True,False,False,General Account Management,0.765,Positive
gp_rev_dashen_10168,user_ethiopia_782,"I really love using this app, but we need budgeting tools and dark mode features ASAP.",4,7,2024-09-02,Dashen,Google Play,i really love using this app but we need budgeting tools and dark mode features asap,False,True,False,Mobile App Feature Request,0.4111,Positive
gp_rev_dashen_10169,user_ethiopia_899,The interface hangs on the processing screen when checking my balance. Please optimize.,2,12,2025-05-13,Dashen,Google Play,the interface hangs on the processing screen when checking my balance please optimize,True,False,False,Performance & Transfer Delays,0.6705,Positive
gp_rev_dashen_10170,user_ethiopia_621,"Excellent update, transfers are fast and easy to navigate.",5,10,2026-05-15,Dashen,Google Play,excellent update transfers are fast and easy to navigate,True,False,False,General Account Management,0.765,Positive
gp_rev_dashen_10171,user_ethiopia_909,Great interface! Please add fingerprint login or biometric support for security.,4,9,2024-07-15,Dashen,Google Play,great interface please add fingerprint login or biometric support for security,False,True,True,Mobile App Feature Request,0.8955,Positive
gp_rev_dashen_10172,user_ethiopia_623,The interface hangs on the processing screen when checking my balance. Please optimize.,2,18,2025-01-27,Dashen,Google Play,the interface hangs on the processing screen when checking my balance please optimize,True,False,False,Performance & Transfer Delays,0.6705,Positive
gp_rev_dashen_10173,user_ethiopia_722,The app is so slow during transfers. It takes forever to load my account balance.,2,24,2024-11-09,Dashen,Google Play,the app is so slow during transfers it takes forever to load my account balance,True,False,False,Performance & Transfer Delays,0.0,Neutral
gp_rev_dashen_10174,user_ethiopia_494,"I really love using this app, but we need budgeting tools and dark mode features ASAP.",4,6,2024-10-09,Dashen,Google Play,i really love using this app but we need budgeting tools and dark mode features asap,False,True,False,Mobile App Feature Request,0.4111,Positive
gp_rev_dashen_10175,user_ethiopia_148,Great interface! Please add fingerprint login or biometric support for security.,4,22,2026-02-04,Dashen,Google Play,great interface please add fingerprint login or biometric support for security,False,True,True,Mobile App Feature Request,0.8955,Positive
gp_rev_dashen_10176,user_ethiopia_542,The app is so slow during transfers. It takes forever to load my account balance.,2,3,2025-11-02,Dashen,Google Play,the app is so slow during transfers it takes forever to load my account balance,True,False,False,Performance & Transfer Delays,0.0,Neutral
gp_rev_dashen_10177,user_ethiopia_524,"I really love using this app, but we need budgeting tools and dark mode features ASAP.",4,9,2025-11-24,Dashen,Google Play,i really love using this app but we need budgeting tools and dark mode features asap,False,True,False,Mobile App Feature Request,0.4111,Positive
gp_rev_dashen_10178,user_ethiopia_442,The system fails to send the OTP code. I cannot access my wallet or complete transactions.,1,21,2025-03-18,Dashen,Google Play,the system fails to send the otp code i cannot access my wallet or complete transactions,False,False,True,Authentication & Server Bugs,-0.4215,Negative
gp_rev_dashen_10179,user_ethiopia_444,"I really love using this app, but we need budgeting tools and dark mode features ASAP.",4,5,2025-09-05,Dashen,Google Play,i really love using this app but we need budgeting tools and dark mode features asap,False,True,False,Mobile App Feature Request,0.4111,Positive
gp_rev_dashen_10180,user_ethiopia_952,Extremely slow loading times when making instant payments to other banks.,1,10,2025-03-14,Dashen,Google Play,extremely slow loading times when making instant payments to other banks,True,False,False,Performance & Transfer Delays,0.0,Neutral
gp_rev_dashen_10181,user_ethiopia_772,"Excellent update, transfers are fast and easy to navigate.",5,13,2025-12-09,Dashen,Google Play,excellent update transfers are fast and easy to navigate,True,False,False,General Account Management,0.765,Positive
gp_rev_dashen_10182,user_ethiopia_348,Great interface! Please add fingerprint login or biometric support for security.,4,25,2025-02-12,Dashen,Google Play,great interface please add fingerprint login or biometric support for security,False,True,True,Mobile App Feature Request,0.8955,Positive
gp_rev_dashen_10183,user_ethiopia_476,Very dependable mobile banking system for daily financial operations.,5,11,2025-04-19,Dashen,Google Play,very dependable mobile banking system for daily financial operations,False,False,False,General Account Management,0.0,Neutral
gp_rev_dashen_10184,user_ethiopia_603,"Excellent update, transfers are fast and easy to navigate.",5,7,2026-01-10,Dashen,Google Play,excellent update transfers are fast and easy to navigate,True,False,False,General Account Management,0.765,Positive
gp_rev_dashen_10185,user_ethiopia_908,Great interface! Please add fingerprint login or biometric support for security.,4,14,2025-10-31,Dashen,Google Play,great interface please add fingerprint login or biometric support for security,False,True,True,Mobile App Feature Request,0.8955,Positive
gp_rev_dashen_10186,user_ethiopia_212,I keep getting a login error and the application crashes repeatedly on launch.,1,19,2026-02-20,Dashen,Google Play,i keep getting a login error and the application crashes repeatedly on launch,False,False,True,Authentication & Server Bugs,-0.4019,Negative
gp_rev_dashen_10187,user_ethiopia_467,Constant server communication timeout errors. Fix the customer support line.,1,1,2025-02-20,Dashen,Google Play,constant server communication timeout errors fix the customer support line,False,False,True,Authentication & Server Bugs,0.0772,Positive
gp_rev_dashen_10188,user_ethiopia_689,Constant server communication timeout errors. Fix the customer support line.,1,24,2026-01-01,Dashen,Google Play,constant server communication timeout errors fix the customer support line,False,False,True,Authentication & Server Bugs,0.0772,Positive
gp_rev_dashen_10189,user_ethiopia_488,The app is so slow during transfers. It takes forever to load my account balance.,2,11,2026-05-12,Dashen,Google Play,the app is so slow during transfers it takes forever to load my account balance,True,False,False,Performance & Transfer Delays,0.0,Neutral
gp_rev_dashen_10190,user_ethiopia_932,The system fails to send the OTP code. I cannot access my wallet or complete transactions.,1,3,2025-02-11,Dashen,Google Play,the system fails to send the otp code i cannot access my wallet or complete transactions,False,False,True,Authentication & Server Bugs,-0.4215,Negative
gp_rev_dashen_10191,user_ethiopia_270,Great interface! Please add fingerprint login or biometric support for security.,4,9,2025-05-04,Dashen,Google Play,great interface please add fingerprint login or biometric support for security,False,True,True,Mobile App Feature Request,0.8955,Positive
gp_rev_dashen_10192,user_ethiopia_867,The app is so slow during transfers. It takes forever to load my account balance.,2,20,2025-08-10,Dashen,Google Play,the app is so slow during transfers it takes forever to load my account balance,True,False,False,Performance & Transfer Delays,0.0,Neutral
gp_rev_dashen_10193,user_ethiopia_825,"Excellent update, transfers are fast and easy to navigate.",5,13,2026-02-17,Dashen,Google Play,excellent update transfers are fast and easy to navigate,True,False,False,General Account Management,0.765,Positive
gp_rev_dashen_10194,user_ethiopia_712,I keep getting a login error and the application crashes repeatedly on launch.,1,25,2025-06-13,Dashen,Google Play,i keep getting a login error and the application crashes repeatedly on launch,False,False,True,Authentication & Server Bugs,-0.4019,Negative
gp_rev_dashen_10195,user_ethiopia_791,Great interface! Please add fingerprint login or biometric support for security.,4,20,2024-10-05,Dashen,Google Play,great interface please add fingerprint login or biometric support for security,False,True,True,Mobile App Feature Request,0.8955,Positive
gp_rev_dashen_10196,user_ethiopia_626,Very dependable mobile banking system for daily financial operations.,5,12,2025-09-28,Dashen,Google Play,very dependable mobile banking system for daily financial operations,False,False,False,General Account Management,0.0,Neutral
gp_rev_dashen_10197,user_ethiopia_796,The interface hangs on the processing screen when checking my balance. Please optimize.,2,16,2025-02-24,Dashen,Google Play,the interface hangs on the processing screen when checking my balance please optimize,True,False,False,Performance & Transfer Delays,0.6705,Positive
gp_rev_dashen_10198,user_ethiopia_920,The app is so slow during transfers. It takes forever to load my account balance.,2,21,2025-09-15,Dashen,Google Play,the app is so slow during transfers it takes forever to load my account balance,True,False,False,Performance & Transfer Delays,0.0,Neutral
gp_rev_dashen_10199,user_ethiopia_815,The app is so slow during transfers. It takes forever to load my account balance.,2,21,2025-10-22,Dashen,Google Play,the app is so slow during transfers it takes forever to load my account balance,True,False,False,Performance & Transfer Delays,0.0,Neutral
gp_rev_dashen_10200,user_ethiopia_760,The interface hangs on the processing screen when checking my balance. Please optimize.,2,9,2024-07-02,Dashen,Google Play,the interface hangs on the processing screen when checking my balance please optimize,True,False,False,Performance & Transfer Delays,0.6705,Positive
gp_rev_dashen_10201,user_ethiopia_422,"I really love using this app, but we need budgeting tools and dark mode features ASAP.",4,17,2025-12-03,Dashen,Google Play,i really love using this app but we need budgeting tools and dark mode features asap,False,True,False,Mobile App Feature Request,0.4111,Positive
gp_rev_dashen_10202,user_ethiopia_654,Great interface! Please add fingerprint login or biometric support for security.,4,11,2024-08-09,Dashen,Google Play,great interface please add fingerprint login or biometric support for security,False,True,True,Mobile App Feature Request,0.8955,Positive
gp_rev_dashen_10203,user_ethiopia_121,Smooth transactions. I highly recommend adding a fingerprint scanner feature.,5,13,2025-11-05,Dashen,Google Play,smooth transactions i highly recommend adding a fingerprint scanner feature,False,True,False,Mobile App Feature Request,0.4201,Positive
gp_rev_dashen_10204,user_ethiopia_310,The system fails to send the OTP code. I cannot access my wallet or complete transactions.,1,1,2025-12-18,Dashen,Google Play,the system fails to send the otp code i cannot access my wallet or complete transactions,False,False,True,Authentication & Server Bugs,-0.4215,Negative
gp_rev_dashen_10205,user_ethiopia_113,Great interface! Please add fingerprint login or biometric support for security.,4,21,2025-03-14,Dashen,Google Play,great interface please add fingerprint login or biometric support for security,False,True,True,Mobile App Feature Request,0.8955,Positive
gp_rev_dashen_10206,user_ethiopia_216,The interface hangs on the processing screen when checking my balance. Please optimize.,2,16,2025-07-20,Dashen,Google Play,the interface hangs on the processing screen when checking my balance please optimize,True,False,False,Performance & Transfer Delays,0.6705,Positive
gp_rev_dashen_10207,user_ethiopia_960,Smooth transactions. I highly recommend adding a fingerprint scanner feature.,5,12,2025-04-06,Dashen,Google Play,smooth transactions i highly recommend adding a fingerprint scanner feature,False,True,False,Mobile App Feature Request,0.4201,Positive
gp_rev_dashen_10208,user_ethiopia_489,Constant server communication timeout errors. Fix the customer support line.,1,5,2024-07-07,Dashen,Google Play,constant server communication timeout errors fix the customer support line,False,False,True,Authentication & Server Bugs,0.0772,Positive
gp_rev_dashen_10209,user_ethiopia_282,The system fails to send the OTP code. I cannot access my wallet or complete transactions.,1,9,2025-06-11,Dashen,Google Play,the system fails to send the otp code i cannot access my wallet or complete transactions,False,False,True,Authentication & Server Bugs,-0.4215,Negative
gp_rev_dashen_10210,user_ethiopia_376,"Excellent update, transfers are fast and easy to navigate.",5,9,2025-03-01,Dashen,Google Play,excellent update transfers are fast and easy to navigate,True,False,False,General Account Management,0.765,Positive
gp_rev_dashen_10211,user_ethiopia_271,Extremely slow loading times when making instant payments to other banks.,1,20,2025-06-04,Dashen,Google Play,extremely slow loading times when making instant payments to other banks,True,False,False,Performance & Transfer Delays,0.0,Neutral
gp_rev_dashen_10212,user_ethiopia_290,The app is so slow during transfers. It takes forever to load my account balance.,2,5,2024-12-18,Dashen,Google Play,the app is so slow during transfers it takes forever to load my account balance,True,False,False,Performance & Transfer Delays,0.0,Neutral
gp_rev_dashen_10213,user_ethiopia_608,Extremely slow loading times when making instant payments to other banks.,1,24,2025-05-19,Dashen,Google Play,extremely slow loading times when making instant payments to other banks,True,False,False,Performance & Transfer Delays,0.0,Neutral
gp_rev_dashen_10214,user_ethiopia_848,I keep getting a login error and the application crashes repeatedly on launch.,1,25,2025-06-09,Dashen,Google Play,i keep getting a login error and the application crashes repeatedly on launch,False,False,True,Authentication & Server Bugs,-0.4019,Negative
gp_rev_dashen_10215,user_ethiopia_107,Great interface! Please add fingerprint login or biometric support for security.,4,13,2025-11-12,Dashen,Google Play,great interface please add fingerprint login or biometric support for security,False,True,True,Mobile App Feature Request,0.8955,Positive
gp_rev_dashen_10216,user_ethiopia_872,"I really love using this app, but we need budgeting tools and dark mode features ASAP.",4,9,2025-08-25,Dashen,Google Play,i really love using this app but we need budgeting tools and dark mode features asap,False,True,False,Mobile App Feature Request,0.4111,Positive
gp_rev_dashen_10217,user_ethiopia_145,Smooth transactions. I highly recommend adding a fingerprint scanner feature.,5,21,2024-06-28,Dashen,Google Play,smooth transactions i highly recommend adding a fingerprint scanner feature,False,True,False,Mobile App Feature Request,0.4201,Positive
gp_rev_dashen_10218,user_ethiopia_194,Constant server communication timeout errors. Fix the customer support line.,1,17,2025-05-04,Dashen,Google Play,constant server communication timeout errors fix the customer support line,False,False,True,Authentication & Server Bugs,0.0772,Positive
gp_rev_dashen_10219,user_ethiopia_222,Smooth transactions. I highly recommend adding a fingerprint scanner feature.,5,3,2025-05-08,Dashen,Google Play,smooth transactions i highly recommend adding a fingerprint scanner feature,False,True,False,Mobile App Feature Request,0.4201,Positive
gp_rev_dashen_10220,user_ethiopia_523,Smooth transactions. I highly recommend adding a fingerprint scanner feature.,5,24,2025-06-28,Dashen,Google Play,smooth transactions i highly recommend adding a fingerprint scanner feature,False,True,False,Mobile App Feature Request,0.4201,Positive
gp_rev_dashen_10221,user_ethiopia_335,"Excellent update, transfers are fast and easy to navigate.",5,16,2025-06-12,Dashen,Google Play,excellent update transfers are fast and easy to navigate,True,False,False,General Account Management,0.765,Positive
gp_rev_dashen_10222,user_ethiopia_709,Very dependable mobile banking system for daily financial operations.,5,4,2025-06-24,Dashen,Google Play,very dependable mobile banking system for daily financial operations,False,False,False,General Account Management,0.0,Neutral
gp_rev_dashen_10223,user_ethiopia_500,Great interface! Please add fingerprint login or biometric support for security.,4,10,2025-07-12,Dashen,Google Play,great interface please add fingerprint login or biometric support for security,False,True,True,Mobile App Feature Request,0.8955,Positive
gp_rev_dashen_10224,user_ethiopia_188,Smooth transactions. I highly recommend adding a fingerprint scanner feature.,5,5,2024-07-07,Dashen,Google Play,smooth transactions i highly recommend adding a fingerprint scanner feature,False,True,False,Mobile App Feature Request,0.4201,Positive
gp_rev_dashen_10225,user_ethiopia_953,"I really love using this app, but we need budgeting tools and dark mode features ASAP.",4,22,2024-12-16,Dashen,Google Play,i really love using this app but we need budgeting tools and dark mode features asap,False,True,False,Mobile App Feature Request,0.4111,Positive
gp_rev_dashen_10226,user_ethiopia_227,I keep getting a login error and the application crashes repeatedly on launch.,1,9,2024-09-21,Dashen,Google Play,i keep getting a login error and the application crashes repeatedly on launch,False,False,True,Authentication & Server Bugs,-0.4019,Negative
gp_rev_dashen_10227,user_ethiopia_586,"Excellent update, transfers are fast and easy to navigate.",5,15,2025-04-01,Dashen,Google Play,excellent update transfers are fast and easy to navigate,True,False,False,General Account Management,0.765,Positive
gp_rev_dashen_10228,user_ethiopia_159,The app is so slow during transfers. It takes forever to load my account balance.,2,16,2025-04-25,Dashen,Google Play,the app is so slow during transfers it takes forever to load my account balance,True,False,False,Performance & Transfer Delays,0.0,Neutral
gp_rev_dashen_10229,user_ethiopia_147,Extremely slow loading times when making instant payments to other banks.,1,3,2024-10-07,Dashen,Google Play,extremely slow loading times when making instant payments to other banks,True,False,False,Performance & Transfer Delays,0.0,Neutral
gp_rev_dashen_10230,user_ethiopia_706,"I really love using this app, but we need budgeting tools and dark mode features ASAP.",4,9,2025-03-04,Dashen,Google Play,i really love using this app but we need budgeting tools and dark mode features asap,False,True,False,Mobile App Feature Request,0.4111,Positive
gp_rev_dashen_10231,user_ethiopia_272,The interface hangs on the processing screen when checking my balance. Please optimize.,2,13,2024-09-11,Dashen,Google Play,the interface hangs on the processing screen when checking my balance please optimize,True,False,False,Performance & Transfer Delays,0.6705,Positive
gp_rev_dashen_10232,user_ethiopia_813,Very dependable mobile banking system for daily financial operations.,5,12,2025-02-09,Dashen,Google Play,very dependable mobile banking system for daily financial operations,False,False,False,General Account Management,0.0,Neutral
gp_rev_dashen_10233,user_ethiopia_645,Extremely slow loading times when making instant payments to other banks.,1,20,2024-08-05,Dashen,Google Play,extremely slow loading times when making instant payments to other banks,True,False,False,Performance & Transfer Delays,0.0,Neutral
gp_rev_dashen_10234,user_ethiopia_304,"I really love using this app, but we need budgeting tools and dark mode features ASAP.",4,23,2024-10-23,Dashen,Google Play,i really love using this app but we need budgeting tools and dark mode features asap,False,True,False,Mobile App Feature Request,0.4111,Positive
gp_rev_dashen_10235,user_ethiopia_662,"I really love using this app, but we need budgeting tools and dark mode features ASAP.",4,12,2024-06-30,Dashen,Google Play,i really love using this app but we need budgeting tools and dark mode features asap,False,True,False,Mobile App Feature Request,0.4111,Positive
gp_rev_dashen_10236,user_ethiopia_425,"I really love using this app, but we need budgeting tools and dark mode features ASAP.",4,12,2024-11-20,Dashen,Google Play,i really love using this app but we need budgeting tools and dark mode features asap,False,True,False,Mobile App Feature Request,0.4111,Positive
gp_rev_dashen_10237,user_ethiopia_957,Very dependable mobile banking system for daily financial operations.,5,17,2025-10-20,Dashen,Google Play,very dependable mobile banking system for daily financial operations,False,False,False,General Account Management,0.0,Neutral
gp_rev_dashen_10238,user_ethiopia_582,Extremely slow loading times when making instant payments to other banks.,1,16,2024-12-19,Dashen,Google Play,extremely slow loading times when making instant payments to other banks,True,False,False,Performance & Transfer Delays,0.0,Neutral
gp_rev_dashen_10239,user_ethiopia_299,The app is so slow during transfers. It takes forever to load my account balance.,2,9,2024-11-05,Dashen,Google Play,the app is so slow during transfers it takes forever to load my account balance,True,False,False,Performance & Transfer Delays,0.0,Neutral
gp_rev_dashen_10240,user_ethiopia_127,"I really love using this app, but we need budgeting tools and dark mode features ASAP.",4,13,2024-06-26,Dashen,Google Play,i really love using this app but we need budgeting tools and dark mode features asap,False,True,False,Mobile App Feature Request,0.4111,Positive
gp_rev_dashen_10241,user_ethiopia_824,The app is so slow during transfers. It takes forever to load my account balance.,2,19,2024-11-17,Dashen,Google Play,the app is so slow during transfers it takes forever to load my account balance,True,False,False,Performance & Transfer Delays,0.0,Neutral
gp_rev_dashen_10242,user_ethiopia_711,"Excellent update, transfers are fast and easy to navigate.",5,3,2026-04-07,Dashen,Google Play,excellent update transfers are fast and easy to navigate,True,False,False,General Account Management,0.765,Positive
gp_rev_dashen_10243,user_ethiopia_529,Extremely slow loading times when making instant payments to other banks.,1,9,2025-02-27,Dashen,Google Play,extremely slow loading times when making instant payments to other banks,True,False,False,Performance & Transfer Delays,0.0,Neutral
gp_rev_dashen_10244,user_ethiopia_287,Very dependable mobile banking system for daily financial operations.,5,8,2024-10-28,Dashen,Google Play,very dependable mobile banking system for daily financial operations,False,False,False,General Account Management,0.0,Neutral
gp_rev_dashen_10245,user_ethiopia_290,The app is so slow during transfers. It takes forever to load my account balance.,2,24,2025-05-18,Dashen,Google Play,the app is so slow during transfers it takes forever to load my account balance,True,False,False,Performance & Transfer Delays,0.0,Neutral
gp_rev_dashen_10246,user_ethiopia_727,"Excellent update, transfers are fast and easy to navigate.",5,20,2024-07-25,Dashen,Google Play,excellent update transfers are fast and easy to navigate,True,False,False,General Account Management,0.765,Positive
gp_rev_dashen_10247,user_ethiopia_987,The app is so slow during transfers. It takes forever to load my account balance.,2,10,2024-09-12,Dashen,Google Play,the app is so slow during transfers it takes forever to load my account balance,True,False,False,Performance & Transfer Delays,0.0,Neutral
gp_rev_dashen_10248,user_ethiopia_807,"I really love using this app, but we need budgeting tools and dark mode features ASAP.",4,23,2025-04-03,Dashen,Google Play,i really love using this app but we need budgeting tools and dark mode features asap,False,True,False,Mobile App Feature Request,0.4111,Positive
gp_rev_dashen_10249,user_ethiopia_509,Great interface! Please add fingerprint login or biometric support for security.,4,5,2025-12-16,Dashen,Google Play,great interface please add fingerprint login or biometric support for security,False,True,True,Mobile App Feature Request,0.8955,Positive
gp_rev_dashen_10250,user_ethiopia_975,The app is so slow during transfers. It takes forever to load my account balance.,2,14,2025-06-29,Dashen,Google Play,the app is so slow during transfers it takes forever to load my account balance,True,False,False,Performance & Transfer Delays,0.0,Neutral
gp_rev_dashen_10251,user_ethiopia_394,Extremely slow loading times when making instant payments to other banks.,1,25,2024-08-24,Dashen,Google Play,extremely slow loading times when making instant payments to other banks,True,False,False,Performance & Transfer Delays,0.0,Neutral
gp_rev_dashen_10252,user_ethiopia_410,Smooth transactions. I highly recommend adding a fingerprint scanner feature.,5,24,2025-01-27,Dashen,Google Play,smooth transactions i highly recommend adding a fingerprint scanner feature,False,True,False,Mobile App Feature Request,0.4201,Positive
gp_rev_dashen_10253,user_ethiopia_172,"I really love using this app, but we need budgeting tools and dark mode features ASAP.",4,16,2025-11-20,Dashen,Google Play,i really love using this app but we need budgeting tools and dark mode features asap,False,True,False,Mobile App Feature Request,0.4111,Positive
gp_rev_dashen_10254,user_ethiopia_299,The interface hangs on the processing screen when checking my balance. Please optimize.,2,16,2025-03-29,Dashen,Google Play,the interface hangs on the processing screen when checking my balance please optimize,True,False,False,Performance & Transfer Delays,0.6705,Positive
gp_rev_dashen_10255,user_ethiopia_220,"Excellent update, transfers are fast and easy to navigate.",5,23,2025-04-22,Dashen,Google Play,excellent update transfers are fast and easy to navigate,True,False,False,General Account Management,0.765,Positive
gp_rev_dashen_10256,user_ethiopia_107,Constant server communication timeout errors. Fix the customer support line.,1,2,2025-03-20,Dashen,Google Play,constant server communication timeout errors fix the customer support line,False,False,True,Authentication & Server Bugs,0.0772,Positive
gp_rev_dashen_10257,user_ethiopia_874,"I really love using this app, but we need budgeting tools and dark mode features ASAP.",4,9,2025-09-23,Dashen,Google Play,i really love using this app but we need budgeting tools and dark mode features asap,False,True,False,Mobile App Feature Request,0.4111,Positive
gp_rev_dashen_10258,user_ethiopia_198,Constant server communication timeout errors. Fix the customer support line.,1,13,2025-12-06,Dashen,Google Play,constant server communication timeout errors fix the customer support line,False,False,True,Authentication & Server Bugs,0.0772,Positive
gp_rev_dashen_10259,user_ethiopia_752,Great interface! Please add fingerprint login or biometric support for security.,4,10,2024-09-27,Dashen,Google Play,great interface please add fingerprint login or biometric support for security,False,True,True,Mobile App Feature Request,0.8955,Positive
gp_rev_dashen_10260,user_ethiopia_375,Constant server communication timeout errors. Fix the customer support line.,1,18,2025-08-11,Dashen,Google Play,constant server communication timeout errors fix the customer support line,False,False,True,Authentication & Server Bugs,0.0772,Positive
gp_rev_dashen_10261,user_ethiopia_597,The system fails to send the OTP code. I cannot access my wallet or complete transactions.,1,20,2024-08-11,Dashen,Google Play,the system fails to send the otp code i cannot access my wallet or complete transactions,False,False,True,Authentication & Server Bugs,-0.4215,Negative
gp_rev_dashen_10262,user_ethiopia_729,The interface hangs on the processing screen when checking my balance. Please optimize.,2,11,2024-11-10,Dashen,Google Play,the interface hangs on the processing screen when checking my balance please optimize,True,False,False,Performance & Transfer Delays,0.6705,Positive
gp_rev_dashen_10263,user_ethiopia_127,The app is so slow during transfers. It takes forever to load my account balance.,2,21,2025-02-17,Dashen,Google Play,the app is so slow during transfers it takes forever to load my account balance,True,False,False,Performance & Transfer Delays,0.0,Neutral
gp_rev_dashen_10264,user_ethiopia_813,Great interface! Please add fingerprint login or biometric support for security.,4,13,2026-05-09,Dashen,Google Play,great interface please add fingerprint login or biometric support for security,False,True,True,Mobile App Feature Request,0.8955,Positive
gp_rev_dashen_10265,user_ethiopia_565,Smooth transactions. I highly recommend adding a fingerprint scanner feature.,5,25,2025-06-17,Dashen,Google Play,smooth transactions i highly recommend adding a fingerprint scanner feature,False,True,False,Mobile App Feature Request,0.4201,Positive
gp_rev_dashen_10266,user_ethiopia_766,Smooth transactions. I highly recommend adding a fingerprint scanner feature.,5,1,2025-11-16,Dashen,Google Play,smooth transactions i highly recommend adding a fingerprint scanner feature,False,True,False,Mobile App Feature Request,0.4201,Positive
gp_rev_dashen_10267,user_ethiopia_954,Extremely slow loading times when making instant payments to other banks.,1,18,2024-10-05,Dashen,Google Play,extremely slow loading times when making instant payments to other banks,True,False,False,Performance & Transfer Delays,0.0,Neutral
gp_rev_dashen_10268,user_ethiopia_134,"I really love using this app, but we need budgeting tools and dark mode features ASAP.",4,19,2026-01-09,Dashen,Google Play,i really love using this app but we need budgeting tools and dark mode features asap,False,True,False,Mobile App Feature Request,0.4111,Positive
gp_rev_dashen_10269,user_ethiopia_620,"I really love using this app, but we need budgeting tools and dark mode features ASAP.",4,25,2025-07-31,Dashen,Google Play,i really love using this app but we need budgeting tools and dark mode features asap,False,True,False,Mobile App Feature Request,0.4111,Positive
gp_rev_dashen_10270,user_ethiopia_454,The app is so slow during transfers. It takes forever to load my account balance.,2,0,2026-02-28,Dashen,Google Play,the app is so slow during transfers it takes forever to load my account balance,True,False,False,Performance & Transfer Delays,0.0,Neutral
gp_rev_dashen_10271,user_ethiopia_578,Smooth transactions. I highly recommend adding a fingerprint scanner feature.,5,24,2025-05-06,Dashen,Google Play,smooth transactions i highly recommend adding a fingerprint scanner feature,False,True,False,Mobile App Feature Request,0.4201,Positive
gp_rev_dashen_10272,user_ethiopia_421,The app is so slow during transfers. It takes forever to load my account balance.,2,14,2024-11-24,Dashen,Google Play,the app is so slow during transfers it takes forever to load my account balance,True,False,False,Performance & Transfer Delays,0.0,Neutral
gp_rev_dashen_10273,user_ethiopia_335,I keep getting a login error and the application crashes repeatedly on launch.,1,17,2024-12-17,Dashen,Google Play,i keep getting a login error and the application crashes repeatedly on launch,False,False,True,Authentication & Server Bugs,-0.4019,Negative
gp_rev_dashen_10274,user_ethiopia_976,The system fails to send the OTP code. I cannot access my wallet or complete transactions.,1,25,2025-08-05,Dashen,Google Play,the system fails to send the otp code i cannot access my wallet or complete transactions,False,False,True,Authentication & Server Bugs,-0.4215,Negative
gp_rev_dashen_10275,user_ethiopia_931,The app is so slow during transfers. It takes forever to load my account balance.,2,10,2026-01-11,Dashen,Google Play,the app is so slow during transfers it takes forever to load my account balance,True,False,False,Performance & Transfer Delays,0.0,Neutral
gp_rev_dashen_10276,user_ethiopia_472,"I really love using this app, but we need budgeting tools and dark mode features ASAP.",4,19,2025-04-28,Dashen,Google Play,i really love using this app but we need budgeting tools and dark mode features asap,False,True,False,Mobile App Feature Request,0.4111,Positive
gp_rev_dashen_10277,user_ethiopia_453,The system fails to send the OTP code. I cannot access my wallet or complete transactions.,1,21,2025-08-01,Dashen,Google Play,the system fails to send the otp code i cannot access my wallet or complete transactions,False,False,True,Authentication & Server Bugs,-0.4215,Negative
gp_rev_dashen_10278,user_ethiopia_453,"Excellent update, transfers are fast and easy to navigate.",5,5,2024-12-18,Dashen,Google Play,excellent update transfers are fast and easy to navigate,True,False,False,General Account Management,0.765,Positive
gp_rev_dashen_10279,user_ethiopia_789,Great interface! Please add fingerprint login or biometric support for security.,4,3,2024-07-21,Dashen,Google Play,great interface please add fingerprint login or biometric support for security,False,True,True,Mobile App Feature Request,0.8955,Positive
gp_rev_dashen_10280,user_ethiopia_100,The system fails to send the OTP code. I cannot access my wallet or complete transactions.,1,5,2025-08-17,Dashen,Google Play,the system fails to send the otp code i cannot access my wallet or complete transactions,False,False,True,Authentication & Server Bugs,-0.4215,Negative
gp_rev_dashen_10281,user_ethiopia_245,Extremely slow loading times when making instant payments to other banks.,1,21,2024-10-13,Dashen,Google Play,extremely slow loading times when making instant payments to other banks,True,False,False,Performance & Transfer Delays,0.0,Neutral
gp_rev_dashen_10282,user_ethiopia_561,"I really love using this app, but we need budgeting tools and dark mode features ASAP.",4,20,2024-06-21,Dashen,Google Play,i really love using this app but we need budgeting tools and dark mode features asap,False,True,False,Mobile App Feature Request,0.4111,Positive
gp_rev_dashen_10283,user_ethiopia_828,Very dependable mobile banking system for daily financial operations.,5,1,2025-09-13,Dashen,Google Play,very dependable mobile banking system for daily financial operations,False,False,False,General Account Management,0.0,Neutral
gp_rev_dashen_10284,user_ethiopia_908,The system fails to send the OTP code. I cannot access my wallet or complete transactions.,1,11,2026-01-22,Dashen,Google Play,the system fails to send the otp code i cannot access my wallet or complete transactions,False,False,True,Authentication & Server Bugs,-0.4215,Negative
gp_rev_dashen_10285,user_ethiopia_428,Extremely slow loading times when making instant payments to other banks.,1,16,2025-08-19,Dashen,Google Play,extremely slow loading times when making instant payments to other banks,True,False,False,Performance & Transfer Delays,0.0,Neutral
gp_rev_dashen_10286,user_ethiopia_965,The system fails to send the OTP code. I cannot access my wallet or complete transactions.,1,4,2026-04-16,Dashen,Google Play,the system fails to send the otp code i cannot access my wallet or complete transactions,False,False,True,Authentication & Server Bugs,-0.4215,Negative
gp_rev_dashen_10287,user_ethiopia_386,I keep getting a login error and the application crashes repeatedly on launch.,1,13,2024-09-26,Dashen,Google Play,i keep getting a login error and the application crashes repeatedly on launch,False,False,True,Authentication & Server Bugs,-0.4019,Negative
gp_rev_dashen_10288,user_ethiopia_289,"I really love using this app, but we need budgeting tools and dark mode features ASAP.",4,25,2025-11-09,Dashen,Google Play,i really love using this app but we need budgeting tools and dark mode features asap,False,True,False,Mobile App Feature Request,0.4111,Positive
gp_rev_dashen_10289,user_ethiopia_178,The system fails to send the OTP code. I cannot access my wallet or complete transactions.,1,22,2025-09-15,Dashen,Google Play,the system fails to send the otp code i cannot access my wallet or complete transactions,False,False,True,Authentication & Server Bugs,-0.4215,Negative
gp_rev_dashen_10290,user_ethiopia_766,"I really love using this app, but we need budgeting tools and dark mode features ASAP.",4,20,2026-02-07,Dashen,Google Play,i really love using this app but we need budgeting tools and dark mode features asap,False,True,False,Mobile App Feature Request,0.4111,Positive
gp_rev_dashen_10291,user_ethiopia_768,Constant server communication timeout errors. Fix the customer support line.,1,19,2024-12-25,Dashen,Google Play,constant server communication timeout errors fix the customer support line,False,False,True,Authentication & Server Bugs,0.0772,Positive
gp_rev_dashen_10292,user_ethiopia_493,Smooth transactions. I highly recommend adding a fingerprint scanner feature.,5,4,2025-08-09,Dashen,Google Play,smooth transactions i highly recommend adding a fingerprint scanner feature,False,True,False,Mobile App Feature Request,0.4201,Positive
gp_rev_dashen_10293,user_ethiopia_520,I keep getting a login error and the application crashes repeatedly on launch.,1,12,2025-06-08,Dashen,Google Play,i keep getting a login error and the application crashes repeatedly on launch,False,False,True,Authentication & Server Bugs,-0.4019,Negative
gp_rev_dashen_10294,user_ethiopia_543,"Excellent update, transfers are fast and easy to navigate.",5,6,2025-02-25,Dashen,Google Play,excellent update transfers are fast and easy to navigate,True,False,False,General Account Management,0.765,Positive
gp_rev_dashen_10295,user_ethiopia_977,"I really love using this app, but we need budgeting tools and dark mode features ASAP.",4,0,2026-04-30,Dashen,Google Play,i really love using this app but we need budgeting tools and dark mode features asap,False,True,False,Mobile App Feature Request,0.4111,Positive
gp_rev_dashen_10296,user_ethiopia_210,"Excellent update, transfers are fast and easy to navigate.",5,18,2026-05-05,Dashen,Google Play,excellent update transfers are fast and easy to navigate,True,False,False,General Account Management,0.765,Positive
gp_rev_dashen_10297,user_ethiopia_927,The system fails to send the OTP code. I cannot access my wallet or complete transactions.,1,11,2025-10-24,Dashen,Google Play,the system fails to send the otp code i cannot access my wallet or complete transactions,False,False,True,Authentication & Server Bugs,-0.4215,Negative
gp_rev_dashen_10298,user_ethiopia_401,The interface hangs on the processing screen when checking my balance. Please optimize.,2,0,2025-12-30,Dashen,Google Play,the interface hangs on the processing screen when checking my balance please optimize,True,False,False,Performance & Transfer Delays,0.6705,Positive
gp_rev_dashen_10299,user_ethiopia_805,The interface hangs on the processing screen when checking my balance. Please optimize.,2,6,2024-06-17,Dashen,Google Play,the interface hangs on the processing screen when checking my balance please optimize,True,False,False,Performance & Transfer Delays,0.6705,Positive
gp_rev_dashen_10300,user_ethiopia_980,Very dependable mobile banking system for daily financial operations.,5,16,2025-10-31,Dashen,Google Play,very dependable mobile banking system for daily financial operations,False,False,False,General Account Management,0.0,Neutral
gp_rev_dashen_10301,user_ethiopia_761,"Excellent update, transfers are fast and easy to navigate.",5,2,2025-10-15,Dashen,Google Play,excellent update transfers are fast and easy to navigate,True,False,False,General Account Management,0.765,Positive
gp_rev_dashen_10302,user_ethiopia_666,The interface hangs on the processing screen when checking my balance. Please optimize.,2,4,2025-09-05,Dashen,Google Play,the interface hangs on the processing screen when checking my balance please optimize,True,False,False,Performance & Transfer Delays,0.6705,Positive
gp_rev_dashen_10303,user_ethiopia_463,"I really love using this app, but we need budgeting tools and dark mode features ASAP.",4,7,2024-09-18,Dashen,Google Play,i really love using this app but we need budgeting tools and dark mode features asap,False,True,False,Mobile App Feature Request,0.4111,Positive
gp_rev_dashen_10304,user_ethiopia_647,"I really love using this app, but we need budgeting tools and dark mode features ASAP.",4,22,2025-06-23,Dashen,Google Play,i really love using this app but we need budgeting tools and dark mode features asap,False,True,False,Mobile App Feature Request,0.4111,Positive
gp_rev_dashen_10305,user_ethiopia_756,Great interface! Please add fingerprint login or biometric support for security.,4,11,2025-02-17,Dashen,Google Play,great interface please add fingerprint login or biometric support for security,False,True,True,Mobile App Feature Request,0.8955,Positive
gp_rev_dashen_10306,user_ethiopia_288,Great interface! Please add fingerprint login or biometric support for security.,4,9,2025-05-01,Dashen,Google Play,great interface please add fingerprint login or biometric support for security,False,True,True,Mobile App Feature Request,0.8955,Positive
gp_rev_dashen_10307,user_ethiopia_791,The interface hangs on the processing screen when checking my balance. Please optimize.,2,22,2026-04-09,Dashen,Google Play,the interface hangs on the processing screen when checking my balance please optimize,True,False,False,Performance & Transfer Delays,0.6705,Positive
gp_rev_dashen_10308,user_ethiopia_795,Smooth transactions. I highly recommend adding a fingerprint scanner feature.,5,13,2025-08-02,Dashen,Google Play,smooth transactions i highly recommend adding a fingerprint scanner feature,False,True,False,Mobile App Feature Request,0.4201,Positive
gp_rev_dashen_10309,user_ethiopia_112,Great interface! Please add fingerprint login or biometric support for security.,4,22,2026-01-26,Dashen,Google Play,great interface please add fingerprint login or biometric support for security,False,True,True,Mobile App Feature Request,0.8955,Positive
gp_rev_dashen_10310,user_ethiopia_318,"Excellent update, transfers are fast and easy to navigate.",5,23,2024-08-28,Dashen,Google Play,excellent update transfers are fast and easy to navigate,True,False,False,General Account Management,0.765,Positive
gp_rev_dashen_10311,user_ethiopia_412,Constant server communication timeout errors. Fix the customer support line.,1,16,2024-12-16,Dashen,Google Play,constant server communication timeout errors fix the customer support line,False,False,True,Authentication & Server Bugs,0.0772,Positive
gp_rev_dashen_10312,user_ethiopia_671,Very dependable mobile banking system for daily financial operations.,5,4,2026-01-05,Dashen,Google Play,very dependable mobile banking system for daily financial operations,False,False,False,General Account Management,0.0,Neutral
gp_rev_dashen_10313,user_ethiopia_870,"I really love using this app, but we need budgeting tools and dark mode features ASAP.",4,10,2024-12-01,Dashen,Google Play,i really love using this app but we need budgeting tools and dark mode features asap,False,True,False,Mobile App Feature Request,0.4111,Positive
gp_rev_dashen_10314,user_ethiopia_386,"I really love using this app, but we need budgeting tools and dark mode features ASAP.",4,13,2024-09-24,Dashen,Google Play,i really love using this app but we need budgeting tools and dark mode features asap,False,True,False,Mobile App Feature Request,0.4111,Positive
gp_rev_dashen_10315,user_ethiopia_461,Extremely slow loading times when making instant payments to other banks.,1,8,2025-09-23,Dashen,Google Play,extremely slow loading times when making instant payments to other banks,True,False,False,Performance & Transfer Delays,0.0,Neutral
gp_rev_dashen_10316,user_ethiopia_724,Great interface! Please add fingerprint login or biometric support for security.,4,13,2024-08-12,Dashen,Google Play,great interface please add fingerprint login or biometric support for security,False,True,True,Mobile App Feature Request,0.8955,Positive
gp_rev_dashen_10317,user_ethiopia_200,Extremely slow loading times when making instant payments to other banks.,1,7,2024-06-16,Dashen,Google Play,extremely slow loading times when making instant payments to other banks,True,False,False,Performance & Transfer Delays,0.0,Neutral
gp_rev_dashen_10318,user_ethiopia_132,I keep getting a login error and the application crashes repeatedly on launch.,1,13,2025-01-29,Dashen,Google Play,i keep getting a login error and the application crashes repeatedly on launch,False,False,True,Authentication & Server Bugs,-0.4019,Negative
gp_rev_dashen_10319,user_ethiopia_492,The interface hangs on the processing screen when checking my balance. Please optimize.,2,13,2026-01-18,Dashen,Google Play,the interface hangs on the processing screen when checking my balance please optimize,True,False,False,Performance & Transfer Delays,0.6705,Positive
gp_rev_dashen_10320,user_ethiopia_844,Extremely slow loading times when making instant payments to other banks.,1,9,2025-04-12,Dashen,Google Play,extremely slow loading times when making instant payments to other banks,True,False,False,Performance & Transfer Delays,0.0,Neutral
gp_rev_dashen_10321,user_ethiopia_788,Smooth transactions. I highly recommend adding a fingerprint scanner feature.,5,2,2026-04-05,Dashen,Google Play,smooth transactions i highly recommend adding a fingerprint scanner feature,False,True,False,Mobile App Feature Request,0.4201,Positive
gp_rev_dashen_10322,user_ethiopia_444,The app is so slow during transfers. It takes forever to load my account balance.,2,23,2025-09-21,Dashen,Google Play,the app is so slow during transfers it takes forever to load my account balance,True,False,False,Performance & Transfer Delays,0.0,Neutral
gp_rev_dashen_10323,user_ethiopia_180,"I really love using this app, but we need budgeting tools and dark mode features ASAP.",4,16,2025-06-08,Dashen,Google Play,i really love using this app but we need budgeting tools and dark mode features asap,False,True,False,Mobile App Feature Request,0.4111,Positive
gp_rev_dashen_10324,user_ethiopia_428,The interface hangs on the processing screen when checking my balance. Please optimize.,2,11,2025-12-26,Dashen,Google Play,the interface hangs on the processing screen when checking my balance please optimize,True,False,False,Performance & Transfer Delays,0.6705,Positive
gp_rev_dashen_10325,user_ethiopia_809,The system fails to send the OTP code. I cannot access my wallet or complete transactions.,1,1,2025-03-22,Dashen,Google Play,the system fails to send the otp code i cannot access my wallet or complete transactions,False,False,True,Authentication & Server Bugs,-0.4215,Negative
gp_rev_dashen_10326,user_ethiopia_628,The app is so slow during transfers. It takes forever to load my account balance.,2,19,2025-02-23,Dashen,Google Play,the app is so slow during transfers it takes forever to load my account balance,True,False,False,Performance & Transfer Delays,0.0,Neutral
gp_rev_dashen_10327,user_ethiopia_227,Smooth transactions. I highly recommend adding a fingerprint scanner feature.,5,8,2024-11-11,Dashen,Google Play,smooth transactions i highly recommend adding a fingerprint scanner feature,False,True,False,Mobile App Feature Request,0.4201,Positive
gp_rev_dashen_10328,user_ethiopia_535,Constant server communication timeout errors. Fix the customer support line.,1,10,2024-07-07,Dashen,Google Play,constant server communication timeout errors fix the customer support line,False,False,True,Authentication & Server Bugs,0.0772,Positive
gp_rev_dashen_10329,user_ethiopia_562,The interface hangs on the processing screen when checking my balance. Please optimize.,2,20,2024-06-23,Dashen,Google Play,the interface hangs on the processing screen when checking my balance please optimize,True,False,False,Performance & Transfer Delays,0.6705,Positive
gp_rev_dashen_10330,user_ethiopia_124,"Excellent update, transfers are fast and easy to navigate.",5,23,2026-04-24,Dashen,Google Play,excellent update transfers are fast and easy to navigate,True,False,False,General Account Management,0.765,Positive
gp_rev_dashen_10331,user_ethiopia_311,The app is so slow during transfers. It takes forever to load my account balance.,2,1,2026-03-21,Dashen,Google Play,the app is so slow during transfers it takes forever to load my account balance,True,False,False,Performance & Transfer Delays,0.0,Neutral
gp_rev_dashen_10332,user_ethiopia_706,Smooth transactions. I highly recommend adding a fingerprint scanner feature.,5,13,2025-09-15,Dashen,Google Play,smooth transactions i highly recommend adding a fingerprint scanner feature,False,True,False,Mobile App Feature Request,0.4201,Positive
gp_rev_dashen_10333,user_ethiopia_805,The interface hangs on the processing screen when checking my balance. Please optimize.,2,17,2026-03-03,Dashen,Google Play,the interface hangs on the processing screen when checking my balance please optimize,True,False,False,Performance & Transfer Delays,0.6705,Positive
gp_rev_dashen_10334,user_ethiopia_656,Smooth transactions. I highly recommend adding a fingerprint scanner feature.,5,2,2025-09-30,Dashen,Google Play,smooth transactions i highly recommend adding a fingerprint scanner feature,False,True,False,Mobile App Feature Request,0.4201,Positive
gp_rev_dashen_10335,user_ethiopia_194,Very dependable mobile banking system for daily financial operations.,5,22,2025-01-24,Dashen,Google Play,very dependable mobile banking system for daily financial operations,False,False,False,General Account Management,0.0,Neutral
gp_rev_dashen_10336,user_ethiopia_828,The app is so slow during transfers. It takes forever to load my account balance.,2,15,2025-08-31,Dashen,Google Play,the app is so slow during transfers it takes forever to load my account balance,True,False,False,Performance & Transfer Delays,0.0,Neutral
gp_rev_dashen_10337,user_ethiopia_606,Very dependable mobile banking system for daily financial operations.,5,12,2025-03-04,Dashen,Google Play,very dependable mobile banking system for daily financial operations,False,False,False,General Account Management,0.0,Neutral
gp_rev_dashen_10338,user_ethiopia_837,I keep getting a login error and the application crashes repeatedly on launch.,1,11,2026-05-03,Dashen,Google Play,i keep getting a login error and the application crashes repeatedly on launch,False,False,True,Authentication & Server Bugs,-0.4019,Negative
gp_rev_dashen_10339,user_ethiopia_588,I keep getting a login error and the application crashes repeatedly on launch.,1,22,2025-10-16,Dashen,Google Play,i keep getting a login error and the application crashes repeatedly on launch,False,False,True,Authentication & Server Bugs,-0.4019,Negative
gp_rev_dashen_10340,user_ethiopia_900,Great interface! Please add fingerprint login or biometric support for security.,4,5,2024-07-02,Dashen,Google Play,great interface please add fingerprint login or biometric support for security,False,True,True,Mobile App Feature Request,0.8955,Positive
gp_rev_dashen_10341,user_ethiopia_881,Very dependable mobile banking system for daily financial operations.,5,23,2025-12-30,Dashen,Google Play,very dependable mobile banking system for daily financial operations,False,False,False,General Account Management,0.0,Neutral
gp_rev_dashen_10342,user_ethiopia_218,Constant server communication timeout errors. Fix the customer support line.,1,16,2024-12-17,Dashen,Google Play,constant server communication timeout errors fix the customer support line,False,False,True,Authentication & Server Bugs,0.0772,Positive
gp_rev_dashen_10343,user_ethiopia_592,The app is so slow during transfers. It takes forever to load my account balance.,2,25,2025-05-16,Dashen,Google Play,the app is so slow during transfers it takes forever to load my account balance,True,False,False,Performance & Transfer Delays,0.0,Neutral
gp_rev_dashen_10344,user_ethiopia_673,Constant server communication timeout errors. Fix the customer support line.,1,8,2025-08-06,Dashen,Google Play,constant server communication timeout errors fix the customer support line,False,False,True,Authentication & Server Bugs,0.0772,Positive
gp_rev_dashen_10345,user_ethiopia_626,Constant server communication timeout errors. Fix the customer support line.,1,23,2025-03-14,Dashen,Google Play,constant server communication timeout errors fix the customer support line,False,False,True,Authentication & Server Bugs,0.0772,Positive
gp_rev_dashen_10346,user_ethiopia_717,Smooth transactions. I highly recommend adding a fingerprint scanner feature.,5,9,2025-09-12,Dashen,Google Play,smooth transactions i highly recommend adding a fingerprint scanner feature,False,True,False,Mobile App Feature Request,0.4201,Positive
gp_rev_dashen_10347,user_ethiopia_824,"Excellent update, transfers are fast and easy to navigate.",5,9,2026-03-20,Dashen,Google Play,excellent update transfers are fast and easy to navigate,True,False,False,General Account Management,0.765,Positive
gp_rev_dashen_10348,user_ethiopia_119,I keep getting a login error and the application crashes repeatedly on launch.,1,0,2024-07-19,Dashen,Google Play,i keep getting a login error and the application crashes repeatedly on launch,False,False,True,Authentication & Server Bugs,-0.4019,Negative
gp_rev_dashen_10349,user_ethiopia_983,"Excellent update, transfers are fast and easy to navigate.",5,0,2025-08-17,Dashen,Google Play,excellent update transfers are fast and easy to navigate,True,False,False,General Account Management,0.765,Positive
gp_rev_dashen_10350,user_ethiopia_484,"Excellent update, transfers are fast and easy to navigate.",5,7,2025-05-28,Dashen,Google Play,excellent update transfers are fast and easy to navigate,True,False,False,General Account Management,0.765,Positive
gp_rev_dashen_10351,user_ethiopia_138,Great interface! Please add fingerprint login or biometric support for security.,4,13,2025-06-21,Dashen,Google Play,great interface please add fingerprint login or biometric support for security,False,True,True,Mobile App Feature Request,0.8955,Positive
gp_rev_dashen_10352,user_ethiopia_924,The interface hangs on the processing screen when checking my balance. Please optimize.,2,14,2024-12-11,Dashen,Google Play,the interface hangs on the processing screen when checking my balance please optimize,True,False,False,Performance & Transfer Delays,0.6705,Positive
gp_rev_dashen_10353,user_ethiopia_733,The system fails to send the OTP code. I cannot access my wallet or complete transactions.,1,2,2026-03-20,Dashen,Google Play,the system fails to send the otp code i cannot access my wallet or complete transactions,False,False,True,Authentication & Server Bugs,-0.4215,Negative
gp_rev_dashen_10354,user_ethiopia_425,Great interface! Please add fingerprint login or biometric support for security.,4,16,2025-02-22,Dashen,Google Play,great interface please add fingerprint login or biometric support for security,False,True,True,Mobile App Feature Request,0.8955,Positive
gp_rev_dashen_10355,user_ethiopia_140,The system fails to send the OTP code. I cannot access my wallet or complete transactions.,1,14,2024-11-22,Dashen,Google Play,the system fails to send the otp code i cannot access my wallet or complete transactions,False,False,True,Authentication & Server Bugs,-0.4215,Negative
gp_rev_dashen_10356,user_ethiopia_314,Very dependable mobile banking system for daily financial operations.,5,22,2025-06-22,Dashen,Google Play,very dependable mobile banking system for daily financial operations,False,False,False,General Account Management,0.0,Neutral
gp_rev_dashen_10357,user_ethiopia_385,"I really love using this app, but we need budgeting tools and dark mode features ASAP.",4,21,2025-11-04,Dashen,Google Play,i really love using this app but we need budgeting tools and dark mode features asap,False,True,False,Mobile App Feature Request,0.4111,Positive
gp_rev_dashen_10358,user_ethiopia_421,"Excellent update, transfers are fast and easy to navigate.",5,2,2025-01-18,Dashen,Google Play,excellent update transfers are fast and easy to navigate,True,False,False,General Account Management,0.765,Positive
gp_rev_dashen_10359,user_ethiopia_871,Extremely slow loading times when making instant payments to other banks.,1,9,2026-02-20,Dashen,Google Play,extremely slow loading times when making instant payments to other banks,True,False,False,Performance & Transfer Delays,0.0,Neutral
gp_rev_dashen_10360,user_ethiopia_448,"I really love using this app, but we need budgeting tools and dark mode features ASAP.",4,7,2025-06-19,Dashen,Google Play,i really love using this app but we need budgeting tools and dark mode features asap,False,True,False,Mobile App Feature Request,0.4111,Positive
gp_rev_dashen_10361,user_ethiopia_583,Extremely slow loading times when making instant payments to other banks.,1,1,2026-01-06,Dashen,Google Play,extremely slow loading times when making instant payments to other banks,True,False,False,Performance & Transfer Delays,0.0,Neutral
gp_rev_dashen_10362,user_ethiopia_268,Constant server communication timeout errors. Fix the customer support line.,1,14,2025-05-29,Dashen,Google Play,constant server communication timeout errors fix the customer support line,False,False,True,Authentication & Server Bugs,0.0772,Positive
gp_rev_dashen_10363,user_ethiopia_546,The system fails to send the OTP code. I cannot access my wallet or complete transactions.,1,16,2024-09-22,Dashen,Google Play,the system fails to send the otp code i cannot access my wallet or complete transactions,False,False,True,Authentication & Server Bugs,-0.4215,Negative
gp_rev_dashen_10364,user_ethiopia_603,The system fails to send the OTP code. I cannot access my wallet or complete transactions.,1,4,2026-02-28,Dashen,Google Play,the system fails to send the otp code i cannot access my wallet or complete transactions,False,False,True,Authentication & Server Bugs,-0.4215,Negative
gp_rev_dashen_10365,user_ethiopia_778,The app is so slow during transfers. It takes forever to load my account balance.,2,15,2026-04-18,Dashen,Google Play,the app is so slow during transfers it takes forever to load my account balance,True,False,False,Performance & Transfer Delays,0.0,Neutral
gp_rev_dashen_10366,user_ethiopia_802,Extremely slow loading times when making instant payments to other banks.,1,11,2025-05-23,Dashen,Google Play,extremely slow loading times when making instant payments to other banks,True,False,False,Performance & Transfer Delays,0.0,Neutral
gp_rev_dashen_10367,user_ethiopia_389,The app is so slow during transfers. It takes forever to load my account balance.,2,23,2024-12-04,Dashen,Google Play,the app is so slow during transfers it takes forever to load my account balance,True,False,False,Performance & Transfer Delays,0.0,Neutral
gp_rev_dashen_10368,user_ethiopia_793,The system fails to send the OTP code. I cannot access my wallet or complete transactions.,1,19,2026-05-04,Dashen,Google Play,the system fails to send the otp code i cannot access my wallet or complete transactions,False,False,True,Authentication & Server Bugs,-0.4215,Negative
gp_rev_dashen_10369,user_ethiopia_451,Smooth transactions. I highly recommend adding a fingerprint scanner feature.,5,21,2026-05-08,Dashen,Google Play,smooth transactions i highly recommend adding a fingerprint scanner feature,False,True,False,Mobile App Feature Request,0.4201,Positive
gp_rev_dashen_10370,user_ethiopia_366,"I really love using this app, but we need budgeting tools and dark mode features ASAP.",4,20,2025-06-09,Dashen,Google Play,i really love using this app but we need budgeting tools and dark mode features asap,False,True,False,Mobile App Feature Request,0.4111,Positive
gp_rev_dashen_10371,user_ethiopia_670,Great interface! Please add fingerprint login or biometric support for security.,4,24,2025-12-11,Dashen,Google Play,great interface please add fingerprint login or biometric support for security,False,True,True,Mobile App Feature Request,0.8955,Positive
gp_rev_dashen_10372,user_ethiopia_881,Smooth transactions. I highly recommend adding a fingerprint scanner feature.,5,20,2025-08-11,Dashen,Google Play,smooth transactions i highly recommend adding a fingerprint scanner feature,False,True,False,Mobile App Feature Request,0.4201,Positive
gp_rev_dashen_10373,user_ethiopia_445,Extremely slow loading times when making instant payments to other banks.,1,13,2025-04-08,Dashen,Google Play,extremely slow loading times when making instant payments to other banks,True,False,False,Performance & Transfer Delays,0.0,Neutral
gp_rev_dashen_10374,user_ethiopia_838,"I really love using this app, but we need budgeting tools and dark mode features ASAP.",4,17,2025-04-19,Dashen,Google Play,i really love using this app but we need budgeting tools and dark mode features asap,False,True,False,Mobile App Feature Request,0.4111,Positive
gp_rev_dashen_10375,user_ethiopia_616,Extremely slow loading times when making instant payments to other banks.,1,5,2025-09-08,Dashen,Google Play,extremely slow loading times when making instant payments to other banks,True,False,False,Performance & Transfer Delays,0.0,Neutral
gp_rev_dashen_10376,user_ethiopia_274,"Excellent update, transfers are fast and easy to navigate.",5,15,2026-04-05,Dashen,Google Play,excellent update transfers are fast and easy to navigate,True,False,False,General Account Management,0.765,Positive
gp_rev_dashen_10377,user_ethiopia_119,"I really love using this app, but we need budgeting tools and dark mode features ASAP.",4,18,2025-09-28,Dashen,Google Play,i really love using this app but we need budgeting tools and dark mode features asap,False,True,False,Mobile App Feature Request,0.4111,Positive
gp_rev_dashen_10378,user_ethiopia_187,"I really love using this app, but we need budgeting tools and dark mode features ASAP.",4,24,2024-08-23,Dashen,Google Play,i really love using this app but we need budgeting tools and dark mode features asap,False,True,False,Mobile App Feature Request,0.4111,Positive
gp_rev_dashen_10379,user_ethiopia_567,"Excellent update, transfers are fast and easy to navigate.",5,7,2025-12-12,Dashen,Google Play,excellent update transfers are fast and easy to navigate,True,False,False,General Account Management,0.765,Positive
gp_rev_dashen_10380,user_ethiopia_613,The system fails to send the OTP code. I cannot access my wallet or complete transactions.,1,19,2024-08-08,Dashen,Google Play,the system fails to send the otp code i cannot access my wallet or complete transactions,False,False,True,Authentication & Server Bugs,-0.4215,Negative
gp_rev_dashen_10381,user_ethiopia_121,The system fails to send the OTP code. I cannot access my wallet or complete transactions.,1,9,2025-10-20,Dashen,Google Play,the system fails to send the otp code i cannot access my wallet or complete transactions,False,False,True,Authentication & Server Bugs,-0.4215,Negative
gp_rev_dashen_10382,user_ethiopia_696,Great interface! Please add fingerprint login or biometric support for security.,4,14,2025-08-13,Dashen,Google Play,great interface please add fingerprint login or biometric support for security,False,True,True,Mobile App Feature Request,0.8955,Positive
gp_rev_dashen_10383,user_ethiopia_226,I keep getting a login error and the application crashes repeatedly on launch.,1,12,2025-02-07,Dashen,Google Play,i keep getting a login error and the application crashes repeatedly on launch,False,False,True,Authentication & Server Bugs,-0.4019,Negative
gp_rev_dashen_10384,user_ethiopia_599,The system fails to send the OTP code. I cannot access my wallet or complete transactions.,1,10,2025-08-30,Dashen,Google Play,the system fails to send the otp code i cannot access my wallet or complete transactions,False,False,True,Authentication & Server Bugs,-0.4215,Negative
gp_rev_dashen_10385,user_ethiopia_153,Constant server communication timeout errors. Fix the customer support line.,1,1,2024-09-25,Dashen,Google Play,constant server communication timeout errors fix the customer support line,False,False,True,Authentication & Server Bugs,0.0772,Positive
gp_rev_dashen_10386,user_ethiopia_219,I keep getting a login error and the application crashes repeatedly on launch.,1,20,2025-10-06,Dashen,Google Play,i keep getting a login error and the application crashes repeatedly on launch,False,False,True,Authentication & Server Bugs,-0.4019,Negative
gp_rev_dashen_10387,user_ethiopia_660,The system fails to send the OTP code. I cannot access my wallet or complete transactions.,1,7,2025-12-28,Dashen,Google Play,the system fails to send the otp code i cannot access my wallet or complete transactions,False,False,True,Authentication & Server Bugs,-0.4215,Negative
gp_rev_dashen_10388,user_ethiopia_302,Very dependable mobile banking system for daily financial operations.,5,2,2025-11-07,Dashen,Google Play,very dependable mobile banking system for daily financial operations,False,False,False,General Account Management,0.0,Neutral
gp_rev_dashen_10389,user_ethiopia_279,Very dependable mobile banking system for daily financial operations.,5,15,2025-11-24,Dashen,Google Play,very dependable mobile banking system for daily financial operations,False,False,False,General Account Management,0.0,Neutral
gp_rev_dashen_10390,user_ethiopia_200,The system fails to send the OTP code. I cannot access my wallet or complete transactions.,1,8,2026-03-15,Dashen,Google Play,the system fails to send the otp code i cannot access my wallet or complete transactions,False,False,True,Authentication & Server Bugs,-0.4215,Negative
gp_rev_dashen_10391,user_ethiopia_858,Extremely slow loading times when making instant payments to other banks.,1,14,2024-12-13,Dashen,Google Play,extremely slow loading times when making instant payments to other banks,True,False,False,Performance & Transfer Delays,0.0,Neutral
gp_rev_dashen_10392,user_ethiopia_407,"I really love using this app, but we need budgeting tools and dark mode features ASAP.",4,14,2025-11-18,Dashen,Google Play,i really love using this app but we need budgeting tools and dark mode features asap,False,True,False,Mobile App Feature Request,0.4111,Positive
gp_rev_dashen_10393,user_ethiopia_850,I keep getting a login error and the application crashes repeatedly on launch.,1,2,2025-08-04,Dashen,Google Play,i keep getting a login error and the application crashes repeatedly on launch,False,False,True,Authentication & Server Bugs,-0.4019,Negative
gp_rev_dashen_10394,user_ethiopia_523,I keep getting a login error and the application crashes repeatedly on launch.,1,6,2024-11-17,Dashen,Google Play,i keep getting a login error and the application crashes repeatedly on launch,False,False,True,Authentication & Server Bugs,-0.4019,Negative
gp_rev_dashen_10395,user_ethiopia_181,I keep getting a login error and the application crashes repeatedly on launch.,1,3,2025-06-10,Dashen,Google Play,i keep getting a login error and the application crashes repeatedly on launch,False,False,True,Authentication & Server Bugs,-0.4019,Negative
gp_rev_dashen_10396,user_ethiopia_762,The system fails to send the OTP code. I cannot access my wallet or complete transactions.,1,12,2024-09-17,Dashen,Google Play,the system fails to send the otp code i cannot access my wallet or complete transactions,False,False,True,Authentication & Server Bugs,-0.4215,Negative
gp_rev_dashen_10397,user_ethiopia_454,Extremely slow loading times when making instant payments to other banks.,1,3,2025-09-27,Dashen,Google Play,extremely slow loading times when making instant payments to other banks,True,False,False,Performance & Transfer Delays,0.0,Neutral
gp_rev_dashen_10398,user_ethiopia_304,"Excellent update, transfers are fast and easy to navigate.",5,21,2026-03-17,Dashen,Google Play,excellent update transfers are fast and easy to navigate,True,False,False,General Account Management,0.765,Positive
gp_rev_dashen_10399,user_ethiopia_995,Constant server communication timeout errors. Fix the customer support line.,1,15,2025-08-11,Dashen,Google Play,constant server communication timeout errors fix the customer support line,False,False,True,Authentication & Server Bugs,0.0772,Positive
gp_rev_dashen_10400,user_ethiopia_843,"Excellent update, transfers are fast and easy to navigate.",5,23,2024-10-04,Dashen,Google Play,excellent update transfers are fast and easy to navigate,True,False,False,General Account Management,0.765,Positive
gp_rev_dashen_10401,user_ethiopia_184,"I really love using this app, but we need budgeting tools and dark mode features ASAP.",4,0,2026-02-01,Dashen,Google Play,i really love using this app but we need budgeting tools and dark mode features asap,False,True,False,Mobile App Feature Request,0.4111,Positive
gp_rev_dashen_10402,user_ethiopia_583,Great interface! Please add fingerprint login or biometric support for security.,4,14,2024-07-25,Dashen,Google Play,great interface please add fingerprint login or biometric support for security,False,True,True,Mobile App Feature Request,0.8955,Positive
gp_rev_dashen_10403,user_ethiopia_322,The app is so slow during transfers. It takes forever to load my account balance.,2,24,2026-02-28,Dashen,Google Play,the app is so slow during transfers it takes forever to load my account balance,True,False,False,Performance & Transfer Delays,0.0,Neutral
gp_rev_dashen_10404,user_ethiopia_891,Extremely slow loading times when making instant payments to other banks.,1,13,2026-04-05,Dashen,Google Play,extremely slow loading times when making instant payments to other banks,True,False,False,Performance & Transfer Delays,0.0,Neutral
gp_rev_dashen_10405,user_ethiopia_557,I keep getting a login error and the application crashes repeatedly on launch.,1,3,2025-10-26,Dashen,Google Play,i keep getting a login error and the application crashes repeatedly on launch,False,False,True,Authentication & Server Bugs,-0.4019,Negative
gp_rev_dashen_10406,user_ethiopia_809,"I really love using this app, but we need budgeting tools and dark mode features ASAP.",4,17,2025-11-08,Dashen,Google Play,i really love using this app but we need budgeting tools and dark mode features asap,False,True,False,Mobile App Feature Request,0.4111,Positive
gp_rev_dashen_10407,user_ethiopia_474,Extremely slow loading times when making instant payments to other banks.,1,11,2024-10-09,Dashen,Google Play,extremely slow loading times when making instant payments to other banks,True,False,False,Performance & Transfer Delays,0.0,Neutral
gp_rev_dashen_10408,user_ethiopia_169,The interface hangs on the processing screen when checking my balance. Please optimize.,2,5,2026-03-11,Dashen,Google Play,the interface hangs on the processing screen when checking my balance please optimize,True,False,False,Performance & Transfer Delays,0.6705,Positive
gp_rev_dashen_10409,user_ethiopia_439,"Excellent update, transfers are fast and easy to navigate.",5,16,2026-03-25,Dashen,Google Play,excellent update transfers are fast and easy to navigate,True,False,False,General Account Management,0.765,Positive
gp_rev_dashen_10410,user_ethiopia_769,Extremely slow loading times when making instant payments to other banks.,1,20,2024-09-10,Dashen,Google Play,extremely slow loading times when making instant payments to other banks,True,False,False,Performance & Transfer Delays,0.0,Neutral
gp_rev_dashen_10411,user_ethiopia_728,Great interface! Please add fingerprint login or biometric support for security.,4,3,2025-07-17,Dashen,Google Play,great interface please add fingerprint login or biometric support for security,False,True,True,Mobile App Feature Request,0.8955,Positive
gp_rev_dashen_10412,user_ethiopia_361,"Excellent update, transfers are fast and easy to navigate.",5,0,2026-01-26,Dashen,Google Play,excellent update transfers are fast and easy to navigate,True,False,False,General Account Management,0.765,Positive
gp_rev_dashen_10413,user_ethiopia_657,The system fails to send the OTP code. I cannot access my wallet or complete transactions.,1,7,2025-05-04,Dashen,Google Play,the system fails to send the otp code i cannot access my wallet or complete transactions,False,False,True,Authentication & Server Bugs,-0.4215,Negative
gp_rev_dashen_10414,user_ethiopia_735,Very dependable mobile banking system for daily financial operations.,5,13,2024-11-27,Dashen,Google Play,very dependable mobile banking system for daily financial operations,False,False,False,General Account Management,0.0,Neutral
gp_rev_dashen_10415,user_ethiopia_981,Constant server communication timeout errors. Fix the customer support line.,1,11,2024-07-03,Dashen,Google Play,constant server communication timeout errors fix the customer support line,False,False,True,Authentication & Server Bugs,0.0772,Positive
gp_rev_dashen_10416,user_ethiopia_914,Great interface! Please add fingerprint login or biometric support for security.,4,5,2025-02-16,Dashen,Google Play,great interface please add fingerprint login or biometric support for security,False,True,True,Mobile App Feature Request,0.8955,Positive
gp_rev_dashen_10417,user_ethiopia_473,"Excellent update, transfers are fast and easy to navigate.",5,19,2024-06-27,Dashen,Google Play,excellent update transfers are fast and easy to navigate,True,False,False,General Account Management,0.765,Positive
gp_rev_dashen_10418,user_ethiopia_443,Great interface! Please add fingerprint login or biometric support for security.,4,7,2025-03-19,Dashen,Google Play,great interface please add fingerprint login or biometric support for security,False,True,True,Mobile App Feature Request,0.8955,Positive
gp_rev_dashen_10419,user_ethiopia_157,Very dependable mobile banking system for daily financial operations.,5,13,2026-01-22,Dashen,Google Play,very dependable mobile banking system for daily financial operations,False,False,False,General Account Management,0.0,Neutral
gp_rev_dashen_10420,user_ethiopia_187,Great interface! Please add fingerprint login or biometric support for security.,4,18,2025-07-23,Dashen,Google Play,great interface please add fingerprint login or biometric support for security,False,True,True,Mobile App Feature Request,0.8955,Positive
gp_rev_dashen_10421,user_ethiopia_961,The app is so slow during transfers. It takes forever to load my account balance.,2,9,2026-01-29,Dashen,Google Play,the app is so slow during transfers it takes forever to load my account balance,True,False,False,Performance & Transfer Delays,0.0,Neutral
gp_rev_dashen_10422,user_ethiopia_913,"Excellent update, transfers are fast and easy to navigate.",5,24,2025-03-25,Dashen,Google Play,excellent update transfers are fast and easy to navigate,True,False,False,General Account Management,0.765,Positive
gp_rev_dashen_10423,user_ethiopia_838,The app is so slow during transfers. It takes forever to load my account balance.,2,25,2024-11-15,Dashen,Google Play,the app is so slow during transfers it takes forever to load my account balance,True,False,False,Performance & Transfer Delays,0.0,Neutral
gp_rev_dashen_10424,user_ethiopia_772,The interface hangs on the processing screen when checking my balance. Please optimize.,2,20,2024-07-27,Dashen,Google Play,the interface hangs on the processing screen when checking my balance please optimize,True,False,False,Performance & Transfer Delays,0.6705,Positive
gp_rev_dashen_10425,user_ethiopia_926,The interface hangs on the processing screen when checking my balance. Please optimize.,2,2,2025-04-13,Dashen,Google Play,the interface hangs on the processing screen when checking my balance please optimize,True,False,False,Performance & Transfer Delays,0.6705,Positive
gp_rev_dashen_10426,user_ethiopia_463,"Excellent update, transfers are fast and easy to navigate.",5,3,2025-10-12,Dashen,Google Play,excellent update transfers are fast and easy to navigate,True,False,False,General Account Management,0.765,Positive
gp_rev_dashen_10427,user_ethiopia_201,Smooth transactions. I highly recommend adding a fingerprint scanner feature.,5,25,2026-01-12,Dashen,Google Play,smooth transactions i highly recommend adding a fingerprint scanner feature,False,True,False,Mobile App Feature Request,0.4201,Positive
gp_rev_dashen_10428,user_ethiopia_972,The interface hangs on the processing screen when checking my balance. Please optimize.,2,18,2024-12-19,Dashen,Google Play,the interface hangs on the processing screen when checking my balance please optimize,True,False,False,Performance & Transfer Delays,0.6705,Positive
gp_rev_dashen_10429,user_ethiopia_800,"Excellent update, transfers are fast and easy to navigate.",5,18,2025-04-26,Dashen,Google Play,excellent update transfers are fast and easy to navigate,True,False,False,General Account Management,0.765,Positive
gp_rev_dashen_10430,user_ethiopia_434,The system fails to send the OTP code. I cannot access my wallet or complete transactions.,1,15,2025-08-06,Dashen,Google Play,the system fails to send the otp code i cannot access my wallet or complete transactions,False,False,True,Authentication & Server Bugs,-0.4215,Negative
gp_rev_dashen_10431,user_ethiopia_420,Smooth transactions. I highly recommend adding a fingerprint scanner feature.,5,7,2024-09-24,Dashen,Google Play,smooth transactions i highly recommend adding a fingerprint scanner feature,False,True,False,Mobile App Feature Request,0.4201,Positive
gp_rev_dashen_10432,user_ethiopia_625,Extremely slow loading times when making instant payments to other banks.,1,23,2024-07-28,Dashen,Google Play,extremely slow loading times when making instant payments to other banks,True,False,False,Performance & Transfer Delays,0.0,Neutral
gp_rev_dashen_10433,user_ethiopia_105,I keep getting a login error and the application crashes repeatedly on launch.,1,15,2025-06-10,Dashen,Google Play,i keep getting a login error and the application crashes repeatedly on launch,False,False,True,Authentication & Server Bugs,-0.4019,Negative
gp_rev_dashen_10434,user_ethiopia_395,I keep getting a login error and the application crashes repeatedly on launch.,1,1,2024-11-28,Dashen,Google Play,i keep getting a login error and the application crashes repeatedly on launch,False,False,True,Authentication & Server Bugs,-0.4019,Negative
gp_rev_dashen_10435,user_ethiopia_656,Smooth transactions. I highly recommend adding a fingerprint scanner feature.,5,3,2025-04-12,Dashen,Google Play,smooth transactions i highly recommend adding a fingerprint scanner feature,False,True,False,Mobile App Feature Request,0.4201,Positive
gp_rev_dashen_10436,user_ethiopia_677,The system fails to send the OTP code. I cannot access my wallet or complete transactions.,1,1,2025-02-05,Dashen,Google Play,the system fails to send the otp code i cannot access my wallet or complete transactions,False,False,True,Authentication & Server Bugs,-0.4215,Negative
gp_rev_dashen_10437,user_ethiopia_907,The system fails to send the OTP code. I cannot access my wallet or complete transactions.,1,6,2026-04-23,Dashen,Google Play,the system fails to send the otp code i cannot access my wallet or complete transactions,False,False,True,Authentication & Server Bugs,-0.4215,Negative
gp_rev_dashen_10438,user_ethiopia_156,"I really love using this app, but we need budgeting tools and dark mode features ASAP.",4,22,2024-08-02,Dashen,Google Play,i really love using this app but we need budgeting tools and dark mode features asap,False,True,False,Mobile App Feature Request,0.4111,Positive
gp_rev_dashen_10439,user_ethiopia_427,"I really love using this app, but we need budgeting tools and dark mode features ASAP.",4,3,2024-07-21,Dashen,Google Play,i really love using this app but we need budgeting tools and dark mode features asap,False,True,False,Mobile App Feature Request,0.4111,Positive
gp_rev_dashen_10440,user_ethiopia_357,Smooth transactions. I highly recommend adding a fingerprint scanner feature.,5,6,2025-04-23,Dashen,Google Play,smooth transactions i highly recommend adding a fingerprint scanner feature,False,True,False,Mobile App Feature Request,0.4201,Positive
gp_rev_dashen_10441,user_ethiopia_720,Smooth transactions. I highly recommend adding a fingerprint scanner feature.,5,21,2024-08-27,Dashen,Google Play,smooth transactions i highly recommend adding a fingerprint scanner feature,False,True,False,Mobile App Feature Request,0.4201,Positive
gp_rev_dashen_10442,user_ethiopia_297,I keep getting a login error and the application crashes repeatedly on launch.,1,16,2024-08-21,Dashen,Google Play,i keep getting a login error and the application crashes repeatedly on launch,False,False,True,Authentication & Server Bugs,-0.4019,Negative
gp_rev_dashen_10443,user_ethiopia_912,The app is so slow during transfers. It takes forever to load my account balance.,2,21,2025-05-14,Dashen,Google Play,the app is so slow during transfers it takes forever to load my account balance,True,False,False,Performance & Transfer Delays,0.0,Neutral
gp_rev_dashen_10444,user_ethiopia_143,Very dependable mobile banking system for daily financial operations.,5,1,2026-04-27,Dashen,Google Play,very dependable mobile banking system for daily financial operations,False,False,False,General Account Management,0.0,Neutral
gp_rev_dashen_10445,user_ethiopia_672,"Excellent update, transfers are fast and easy to navigate.",5,4,2025-05-19,Dashen,Google Play,excellent update transfers are fast and easy to navigate,True,False,False,General Account Management,0.765,Positive
gp_rev_dashen_10446,user_ethiopia_679,Extremely slow loading times when making instant payments to other banks.,1,8,2025-04-07,Dashen,Google Play,extremely slow loading times when making instant payments to other banks,True,False,False,Performance & Transfer Delays,0.0,Neutral
gp_rev_dashen_10447,user_ethiopia_969,"I really love using this app, but we need budgeting tools and dark mode features ASAP.",4,21,2025-11-12,Dashen,Google Play,i really love using this app but we need budgeting tools and dark mode features asap,False,True,False,Mobile App Feature Request,0.4111,Positive
gp_rev_dashen_10448,user_ethiopia_414,Very dependable mobile banking system for daily financial operations.,5,12,2025-02-17,Dashen,Google Play,very dependable mobile banking system for daily financial operations,False,False,False,General Account Management,0.0,Neutral
gp_rev_dashen_10449,user_ethiopia_587,Smooth transactions. I highly recommend adding a fingerprint scanner feature.,5,10,2025-02-02,Dashen,Google Play,smooth transactions i highly recommend adding a fingerprint scanner feature,False,True,False,Mobile App Feature Request,0.4201,Positive
gp_rev_dashen_10450,user_ethiopia_437,Constant server communication timeout errors. Fix the customer support line.,1,20,2025-07-31,Dashen,Google Play,constant server communication timeout errors fix the customer support line,False,False,True,Authentication & Server Bugs,0.0772,Positive
gp_rev_dashen_10451,user_ethiopia_985,The system fails to send the OTP code. I cannot access my wallet or complete transactions.,1,20,2025-10-11,Dashen,Google Play,the system fails to send the otp code i cannot access my wallet or complete transactions,False,False,True,Authentication & Server Bugs,-0.4215,Negative
gp_rev_dashen_10452,user_ethiopia_727,Constant server communication timeout errors. Fix the customer support line.,1,16,2024-11-02,Dashen,Google Play,constant server communication timeout errors fix the customer support line,False,False,True,Authentication & Server Bugs,0.0772,Positive
gp_rev_dashen_10453,user_ethiopia_721,Extremely slow loading times when making instant payments to other banks.,1,2,2024-09-06,Dashen,Google Play,extremely slow loading times when making instant payments to other banks,True,False,False,Performance & Transfer Delays,0.0,Neutral
gp_rev_dashen_10454,user_ethiopia_790,The interface hangs on the processing screen when checking my balance. Please optimize.,2,18,2024-11-03,Dashen,Google Play,the interface hangs on the processing screen when checking my balance please optimize,True,False,False,Performance & Transfer Delays,0.6705,Positive
gp_rev_dashen_10455,user_ethiopia_426,The app is so slow during transfers. It takes forever to load my account balance.,2,19,2026-01-12,Dashen,Google Play,the app is so slow during transfers it takes forever to load my account balance,True,False,False,Performance & Transfer Delays,0.0,Neutral
gp_rev_dashen_10456,user_ethiopia_353,The app is so slow during transfers. It takes forever to load my account balance.,2,0,2025-02-23,Dashen,Google Play,the app is so slow during transfers it takes forever to load my account balance,True,False,False,Performance & Transfer Delays,0.0,Neutral
gp_rev_dashen_10457,user_ethiopia_915,Smooth transactions. I highly recommend adding a fingerprint scanner feature.,5,2,2025-02-13,Dashen,Google Play,smooth transactions i highly recommend adding a fingerprint scanner feature,False,True,False,Mobile App Feature Request,0.4201,Positive
gp_rev_dashen_10458,user_ethiopia_234,Smooth transactions. I highly recommend adding a fingerprint scanner feature.,5,19,2025-08-30,Dashen,Google Play,smooth transactions i highly recommend adding a fingerprint scanner feature,False,True,False,Mobile App Feature Request,0.4201,Positive
gp_rev_dashen_10459,user_ethiopia_600,Very dependable mobile banking system for daily financial operations.,5,13,2026-01-09,Dashen,Google Play,very dependable mobile banking system for daily financial operations,False,False,False,General Account Management,0.0,Neutral
gp_rev_dashen_10460,user_ethiopia_944,Extremely slow loading times when making instant payments to other banks.,1,3,2026-05-05,Dashen,Google Play,extremely slow loading times when making instant payments to other banks,True,False,False,Performance & Transfer Delays,0.0,Neutral
gp_rev_dashen_10461,user_ethiopia_416,The system fails to send the OTP code. I cannot access my wallet or complete transactions.,1,3,2025-02-18,Dashen,Google Play,the system fails to send the otp code i cannot access my wallet or complete transactions,False,False,True,Authentication & Server Bugs,-0.4215,Negative
gp_rev_dashen_10462,user_ethiopia_927,The interface hangs on the processing screen when checking my balance. Please optimize.,2,15,2025-09-26,Dashen,Google Play,the interface hangs on the processing screen when checking my balance please optimize,True,False,False,Performance & Transfer Delays,0.6705,Positive
gp_rev_dashen_10463,user_ethiopia_555,The system fails to send the OTP code. I cannot access my wallet or complete transactions.,1,12,2025-10-05,Dashen,Google Play,the system fails to send the otp code i cannot access my wallet or complete transactions,False,False,True,Authentication & Server Bugs,-0.4215,Negative
gp_rev_dashen_10464,user_ethiopia_356,I keep getting a login error and the application crashes repeatedly on launch.,1,23,2025-08-03,Dashen,Google Play,i keep getting a login error and the application crashes repeatedly on launch,False,False,True,Authentication & Server Bugs,-0.4019,Negative
gp_rev_dashen_10465,user_ethiopia_472,The system fails to send the OTP code. I cannot access my wallet or complete transactions.,1,20,2025-03-17,Dashen,Google Play,the system fails to send the otp code i cannot access my wallet or complete transactions,False,False,True,Authentication & Server Bugs,-0.4215,Negative
gp_rev_dashen_10466,user_ethiopia_542,Great interface! Please add fingerprint login or biometric support for security.,4,9,2026-01-15,Dashen,Google Play,great interface please add fingerprint login or biometric support for security,False,True,True,Mobile App Feature Request,0.8955,Positive
gp_rev_dashen_10467,user_ethiopia_553,"I really love using this app, but we need budgeting tools and dark mode features ASAP.",4,23,2024-11-05,Dashen,Google Play,i really love using this app but we need budgeting tools and dark mode features asap,False,True,False,Mobile App Feature Request,0.4111,Positive
gp_rev_dashen_10468,user_ethiopia_115,Smooth transactions. I highly recommend adding a fingerprint scanner feature.,5,19,2024-08-29,Dashen,Google Play,smooth transactions i highly recommend adding a fingerprint scanner feature,False,True,False,Mobile App Feature Request,0.4201,Positive
gp_rev_dashen_10469,user_ethiopia_450,Constant server communication timeout errors. Fix the customer support line.,1,5,2025-04-04,Dashen,Google Play,constant server communication timeout errors fix the customer support line,False,False,True,Authentication & Server Bugs,0.0772,Positive
gp_rev_dashen_10470,user_ethiopia_531,"I really love using this app, but we need budgeting tools and dark mode features ASAP.",4,8,2025-08-20,Dashen,Google Play,i really love using this app but we need budgeting tools and dark mode features asap,False,True,False,Mobile App Feature Request,0.4111,Positive
gp_rev_dashen_10471,user_ethiopia_441,I keep getting a login error and the application crashes repeatedly on launch.,1,12,2025-10-12,Dashen,Google Play,i keep getting a login error and the application crashes repeatedly on launch,False,False,True,Authentication & Server Bugs,-0.4019,Negative
gp_rev_dashen_10472,user_ethiopia_540,"I really love using this app, but we need budgeting tools and dark mode features ASAP.",4,12,2025-06-16,Dashen,Google Play,i really love using this app but we need budgeting tools and dark mode features asap,False,True,False,Mobile App Feature Request,0.4111,Positive
gp_rev_dashen_10473,user_ethiopia_855,The interface hangs on the processing screen when checking my balance. Please optimize.,2,11,2024-10-02,Dashen,Google Play,the interface hangs on the processing screen when checking my balance please optimize,True,False,False,Performance & Transfer Delays,0.6705,Positive
gp_rev_dashen_10474,user_ethiopia_619,Extremely slow loading times when making instant payments to other banks.,1,11,2025-08-09,Dashen,Google Play,extremely slow loading times when making instant payments to other banks,True,False,False,Performance & Transfer Delays,0.0,Neutral
gp_rev_dashen_10475,user_ethiopia_489,"I really love using this app, but we need budgeting tools and dark mode features ASAP.",4,9,2026-03-13,Dashen,Google Play,i really love using this app but we need budgeting tools and dark mode features asap,False,True,False,Mobile App Feature Request,0.4111,Positive
gp_rev_dashen_10476,user_ethiopia_693,The system fails to send the OTP code. I cannot access my wallet or complete transactions.,1,12,2026-02-27,Dashen,Google Play,the system fails to send the otp code i cannot access my wallet or complete transactions,False,False,True,Authentication & Server Bugs,-0.4215,Negative
gp_rev_dashen_10477,user_ethiopia_692,The app is so slow during transfers. It takes forever to load my account balance.,2,22,2024-12-13,Dashen,Google Play,the app is so slow during transfers it takes forever to load my account balance,True,False,False,Performance & Transfer Delays,0.0,Neutral
gp_rev_dashen_10478,user_ethiopia_336,Smooth transactions. I highly recommend adding a fingerprint scanner feature.,5,11,2025-08-11,Dashen,Google Play,smooth transactions i highly recommend adding a fingerprint scanner feature,False,True,False,Mobile App Feature Request,0.4201,Positive
gp_rev_dashen_10479,user_ethiopia_482,The interface hangs on the processing screen when checking my balance. Please optimize.,2,0,2025-01-29,Dashen,Google Play,the interface hangs on the processing screen when checking my balance please optimize,True,False,False,Performance & Transfer Delays,0.6705,Positive
gp_rev_dashen_10480,user_ethiopia_745,"Excellent update, transfers are fast and easy to navigate.",5,25,2025-12-04,Dashen,Google Play,excellent update transfers are fast and easy to navigate,True,False,False,General Account Management,0.765,Positive
gp_rev_dashen_10481,user_ethiopia_871,The system fails to send the OTP code. I cannot access my wallet or complete transactions.,1,4,2024-12-26,Dashen,Google Play,the system fails to send the otp code i cannot access my wallet or complete transactions,False,False,True,Authentication & Server Bugs,-0.4215,Negative
gp_rev_dashen_10482,user_ethiopia_451,The interface hangs on the processing screen when checking my balance. Please optimize.,2,2,2026-03-21,Dashen,Google Play,the interface hangs on the processing screen when checking my balance please optimize,True,False,False,Performance & Transfer Delays,0.6705,Positive
gp_rev_dashen_10483,user_ethiopia_781,Very dependable mobile banking system for daily financial operations.,5,13,2026-01-28,Dashen,Google Play,very dependable mobile banking system for daily financial operations,False,False,False,General Account Management,0.0,Neutral
gp_rev_dashen_10484,user_ethiopia_666,"Excellent update, transfers are fast and easy to navigate.",5,11,2024-07-31,Dashen,Google Play,excellent update transfers are fast and easy to navigate,True,False,False,General Account Management,0.765,Positive
gp_rev_dashen_10485,user_ethiopia_848,Very dependable mobile banking system for daily financial operations.,5,21,2024-06-27,Dashen,Google Play,very dependable mobile banking system for daily financial operations,False,False,False,General Account Management,0.0,Neutral
gp_rev_dashen_10486,user_ethiopia_471,Constant server communication timeout errors. Fix the customer support line.,1,18,2026-03-24,Dashen,Google Play,constant server communication timeout errors fix the customer support line,False,False,True,Authentication & Server Bugs,0.0772,Positive
gp_rev_dashen_10487,user_ethiopia_589,The interface hangs on the processing screen when checking my balance. Please optimize.,2,25,2025-08-23,Dashen,Google Play,the interface hangs on the processing screen when checking my balance please optimize,True,False,False,Performance & Transfer Delays,0.6705,Positive
gp_rev_dashen_10488,user_ethiopia_461,Great interface! Please add fingerprint login or biometric support for security.,4,13,2026-03-09,Dashen,Google Play,great interface please add fingerprint login or biometric support for security,False,True,True,Mobile App Feature Request,0.8955,Positive
gp_rev_dashen_10489,user_ethiopia_159,The app is so slow during transfers. It takes forever to load my account balance.,2,9,2024-10-03,Dashen,Google Play,the app is so slow during transfers it takes forever to load my account balance,True,False,False,Performance & Transfer Delays,0.0,Neutral
gp_rev_dashen_10490,user_ethiopia_594,The app is so slow during transfers. It takes forever to load my account balance.,2,9,2024-07-11,Dashen,Google Play,the app is so slow during transfers it takes forever to load my account balance,True,False,False,Performance & Transfer Delays,0.0,Neutral
gp_rev_dashen_10491,user_ethiopia_726,Very dependable mobile banking system for daily financial operations.,5,22,2025-01-23,Dashen,Google Play,very dependable mobile banking system for daily financial operations,False,False,False,General Account Management,0.0,Neutral
gp_rev_dashen_10492,user_ethiopia_598,Very dependable mobile banking system for daily financial operations.,5,17,2026-03-18,Dashen,Google Play,very dependable mobile banking system for daily financial operations,False,False,False,General Account Management,0.0,Neutral
gp_rev_dashen_10493,user_ethiopia_663,Constant server communication timeout errors. Fix the customer support line.,1,11,2025-05-13,Dashen,Google Play,constant server communication timeout errors fix the customer support line,False,False,True,Authentication & Server Bugs,0.0772,Positive
gp_rev_dashen_10494,user_ethiopia_290,Extremely slow loading times when making instant payments to other banks.,1,24,2025-11-09,Dashen,Google Play,extremely slow loading times when making instant payments to other banks,True,False,False,Performance & Transfer Delays,0.0,Neutral
gp_rev_dashen_10495,user_ethiopia_405,The system fails to send the OTP code. I cannot access my wallet or complete transactions.,1,0,2025-08-08,Dashen,Google Play,the system fails to send the otp code i cannot access my wallet or complete transactions,False,False,True,Authentication & Server Bugs,-0.4215,Negative
gp_rev_dashen_10496,user_ethiopia_547,Great interface! Please add fingerprint login or biometric support for security.,4,18,2026-04-04,Dashen,Google Play,great interface please add fingerprint login or biometric support for security,False,True,True,Mobile App Feature Request,0.8955,Positive
gp_rev_dashen_10497,user_ethiopia_933,Great interface! Please add fingerprint login or biometric support for security.,4,10,2024-09-13,Dashen,Google Play,great interface please add fingerprint login or biometric support for security,False,True,True,Mobile App Feature Request,0.8955,Positive
gp_rev_dashen_10498,user_ethiopia_188,Very dependable mobile banking system for daily financial operations.,5,15,2026-01-11,Dashen,Google Play,very dependable mobile banking system for daily financial operations,False,False,False,General Account Management,0.0,Neutral
gp_rev_dashen_10499,user_ethiopia_715,Smooth transactions. I highly recommend adding a fingerprint scanner feature.,5,16,2025-07-09,Dashen,Google Play,smooth transactions i highly recommend adding a fingerprint scanner feature,False,True,False,Mobile App Feature Request,0.4201,Positive
